"WikiEspecimenID"	"HAB_ESTDAVEG"	"SUB_INU"	"HAB_VEGVER"	"DOS_ALTDODOS"	"DOS_ALTDODOS_UNIT"	"SUB_TEXDOSOL"	"HAB_DENDEHAB"
"8135"
"8136"						"arenosa"
"8137"
"8138"	"florestal"		"baixa"			"arenosa"	"aberta"
"8139"	"arbustiva"		"muito baixa"			"arenosa"	"densa"
"8140"	"florestal"		"baixa"			"arenosa"	"aberta"
"8141"	"florestal"		"alta"
"8142"
"8143"
"8144"
"8145"
"8146"	"arbustiva"		"muito baixa"	"2"	"m"	"arenosa"	"densa"
"8147"
"8148"	"arbustiva"		"muito baixa"				"aberta"
"8149"	"florestal"	"ausente"	"baixa"	"7"	"m"	"rochosa"	"densa"
"8150"	"florestal"	"inundado"				"arenosa"
"8151"
"8152"	"arbustiva"	"ausente"	"muito baixa"	"2"	"m"	"arenosa"	"aberta"
"8153"	"florestal"		"alta"	"15; 20"	"m"		"densa"
"8154"	"arbustiva"		"muito baixa"				"densa"
"8155"	"florestal"	"ausente"	"baixa"			"arenosa"	"aberta"
"8156"	"florestal"	"ausente"	"alta"	"20; 25"	"m"	"arenosa"
"8157"	"florestal"	"inundado"	"baixa"	"5; 6"	"m"		"aberta"
"8158"	"florestal"	"inundado"	"baixa"	"5; 6"	"m"	"arenosa"	"aberta"
"8159"	"florestal"	"inundado"	"baixa"	"8"	"m"	"arenosa"	"aberta"
"8160"	"arbustiva"	"inundado"	"muito baixa"	"2; 3"	"m"	"arenosa"	"aberta"
"8161"	"florestal"	"inundado"	"baixa"	"6; 8"	"m"	"arenosa"	"aberta"
"8162"	"arbustiva"	"inundado"	"muito baixa"	"2; 3"	"m"	"arenosa"	"aberta"
"8163"	"arbustiva"	"encharcado"	"muito baixa"	"2; 3"	"m"	"rochosa"	"densa"
"8164"	"arbustiva"	"encharcado"	"muito baixa"	"2; 3"	"m"	"rochosa"	"densa"
"8165"	"florestal"	"ausente"	"baixa"	"6; 10"	"m"	"arenosa"	"densa"
"8166"	"florestal"	"ausente"	"baixa"	"4; 6"	"m"	"arenosa"	"densa"
"8167"	"florestal"	"ausente"	"baixa"	"5; 6"	"m"	"arenosa"	"aberta"
"8168"	"florestal"	"ausente"	"baixa"	"5; 10"	"m"	"arenosa"	"aberta"
"8169"	"florestal"	"ausente"	"baixa"	"7; 8"	"m"	"arenosa"	"aberta"
"8170"	"florestal"	"ausente"	"baixa"	"7; 8"	"m"	"arenosa"	"aberta"
"8171"	"florestal"		"baixa"			"arenosa"	"aberta"
"8172"	"florestal"	"ausente"	"baixa"			"arenosa"	"aberta"
"8173"	"florestal"	"ausente"	"baixa"			"arenosa"	"aberta"
"8174"	"florestal"		"baixa"			"arenosa"	"densa"
"8175"	"florestal"	"ausente"	"alta"			"arenosa"	"densa"
"8176"	"arbustiva"	"inundado"	"muito baixa"	"4; 6"	"m"	"arenosa"	"aberta"
"8177"	"arbustiva"	"ausente"	"muito baixa"			"arenosa"	"aberta"
"8178"
"8179"	"arbustiva"	"ausente"	"muito baixa"			"arenosa"	"aberta"
"8180"	"florestal"	"ausente"	"baixa"	"10; 15"	"m"	"arenosa"
"8181"	"arbustiva"	"ausente"	"muito baixa"			"arenosa"	"aberta"
"8182"	"arbustiva"		"muito baixa"			"arenosa"	"aberta"
"8183"						"arenosa"
"8184"						"arenosa"
"8185"						"arenosa"
"8186"	"florestal"	"ausente"	"alta"			"arenosa"	"densa"
"8187"	"florestal"	"inundado"	"baixa"			"arenosa"	"densa"
"8188"	"florestal"	"ausente"	"alta"			"arenosa"	"densa"
"8189"	"florestal"	"inundado"	"baixa"			"arenosa"	"densa"
"8190"	"florestal"		"baixa"				"aberta"
"8191"	"florestal"		"alta"	"15; 20"	"m"	"arenosa"
"8192"	"florestal"	"ausente"	"alta"	"15; 20"	"m"	"arenosa"
"8193"	"arbustiva"		"muito baixa"			"arenosa"	"densa"
"8194"	"florestal"	"ausente"	"alta"	"20; 25"	"m"	"arenosa"	"densa"
"8195"	"florestal"	"ausente"	"alta"	"20; 35"	"m"	"arenosa"	"densa"
"8196"	"florestal"	"ausente"	"baixa"	"6; 7"	"m"	"arenosa"
"8197"	"florestal"	"ausente"	"baixa"	"4; 5"	"m"	"arenosa"
"8198"	"florestal"	"ausente"	"baixa"	"5; 7"	"m"	"arenosa"
"8199"	"florestal"	"ausente"	"alta"	"20; 35"	"m"	"arenosa"	"densa"
"8200"	"florestal"	"ausente"	"alta"			"arenosa"
"8201"	"florestal"	"ausente"	"baixa"	"7; 8"	"m"	"arenosa"
"8202"	"florestal"	"ausente"	"alta"	"20; 25"	"m"	"arenosa"
"8203"	"florestal"	"ausente"	"alta"	"20; 25"	"m"	"arenosa"
"8204"	"florestal"	"ausente"	"alta"	"25; 30"	"m"	"arenosa"
"8205"	"florestal"	"ausente"	"alta"	"20; 25"	"m"	"arenosa"
"8206"	"florestal"	"ausente"	"alta"	"10; 15"	"m"	"arenosa"	"densa"
"8207"	"florestal"	"ausente"	"alta"	"10; 15"	"m"	"arenosa"	"densa"
"8208"	"florestal"		"alta"			"arenosa"	"aberta"
"8209"	"arbustiva"	"inundado"	"muito baixa"			"arenosa"	"aberta"
"8210"	"florestal"		"alta"
"8211"	"florestal"		"alta"	"20; 25"	"m"
"8212"	"florestal"	"ausente"	"baixa"				"aberta"
"8213"	"florestal"	"ausente"	"baixa"				"aberta"
"8214"	"florestal"		"alta"	"20; 25"	"m"	"arenosa"
"8215"	"florestal"		"baixa"			"arenosa"	"densa"
"8216"	"florestal"		"alta"	"15"	"m"
"8217"	"florestal"		"alta"
"8218"	"florestal"	"inundado"	"baixa"				"aberta"
"8219"	"florestal"	"inundado"	"alta"
"8220"	"florestal"	"inundado"	"baixa"
"8221"	"florestal"	"inundado"	"baixa"	"7; 8"	"m"
"8222"	"florestal"	"inundado"	"alta"			"arenosa"
"8223"	"florestal"	"ausente"	"alta"			"arenosa"	"densa"
"8224"	"florestal"	"inundado"	"baixa"
"8225"	"arbustiva"	"inundado"	"muito baixa"				"aberta"
"8226"
"8227"	"florestal"		"alta"
"8228"	"florestal"		"baixa"				"densa"
"8229"
"8230"	"florestal"	"ausente"	"muito baixa"			"rochosa"	"densa"
"8231"	"florestal"	"ausente"	"alta"
"8232"	"florestal"		"alta"	"20; 25"	"m"
"8233"	"florestal"		"alta"	"20; 25"	"m"
"8234"	"florestal"		"alta"			"arenosa"	"aberta"
"8235"	"florestal"	"ausente"	"alta"	"10; 15"	"m"	"arenosa"	"densa"
"8236"
"8237"	"florestal"	"ausente"	"alta"			"arenosa"
"8238"	"florestal"	"ausente"	"alta"			"arenosa"
"8239"	"florestal"	"ausente"	"alta"			"arenosa"
"8240"	"arbustiva"		"muito baixa"	"1.5"	"m"	"arenosa"	"densa"
"8241"	"arbustiva"	"ausente"	"muito baixa"	"1; 2"	"m"	"rochosa"	"densa"
"8242"	"arbustiva"	"ausente"	"muito baixa"	"3; 4"	"m"	"rochosa"	"densa"
"8243"
"8244"	"arbustiva"		"muito baixa"			"arenosa"	"densa"
"8245"
"8246"	"florestal"		"alta"
"8247"	"florestal"	"ausente"	"baixa"			"arenosa"	"densa"
"8248"	"florestal"		"baixa"				"aberta"
"8249"	"florestal"	"inundado"	"baixa"			"arenosa"	"densa"
"8250"	"florestal"		"alta"
"8251"	"florestal"		"baixa"			"arenosa"	"aberta"
"8252"	"florestal"	"inundado"	"baixa"			"arenosa"	"densa"
"8253"	"florestal"	"ausente"	"baixa"			"arenosa"	"densa"
"8254"	"florestal"		"baixa"			"arenosa"	"aberta"
"8255"	"florestal"		"baixa"			"arenosa"	"aberta"
"8256"						"arenosa"
"8257"	"florestal"		"alta"			"arenosa"	"densa"
"8258"	"arbustiva"		"muito baixa"			"arenosa"	"densa"
"8259"	"arbustiva"		"muito baixa"			"arenosa"	"densa"
"8260"						"arenosa"
"8261"	"florestal"		"baixa"			"rochosa"	"aberta"
"8262"	"arbustiva"		"muito baixa"			"arenosa"	"aberta"
"8263"	"arbustiva"		"muito baixa"			"arenosa"	"aberta"
"8264"	"arbustiva"		"muito baixa"				"aberta"
"8265"	"arbustiva"	"ausente"	"muito baixa"			"arenosa"	"aberta"
"8266"	"arbustiva"	"ausente"	"muito baixa"			"arenosa"	"aberta"
"8267"
"8268"	"florestal"		"baixa"				"densa"
"8269"	"florestal"	"ausente"	"baixa"			"arenosa"
"8270"
"8271"	"arbustiva"		"muito baixa"				"aberta"
"8272"	"florestal"	"inundado"	"baixa"			"arenosa"	"aberta"
"8273"	"florestal"		"baixa"			"arenosa"	"aberta"
"8274"	"arbustiva"		"muito baixa"				"aberta"
"8275"	"florestal"	"ausente"	"alta"			"arenosa"	"densa"
"8276"						"arenosa"
"8277"	"florestal"	"inundado"	"baixa"			"arenosa"
"8278"	"florestal"	"ausente"	"baixa"	"7; 8"	"m"	"arenosa"	"aberta"
"8279"	"florestal"		"baixa"	"8; 10"	"m"	"arenosa"
"8280"	"florestal"		"baixa"	"8; 10"	"m"	"arenosa"
"8281"						"arenosa"
"8282"	"arbustiva"	"inundado"	"muito baixa"	"2; 3"	"m"	"arenosa"	"aberta"
"8283"	"arbustiva"		"muito baixa"			"arenosa"	"aberta"
"8284"	"florestal"	"inundado"	"baixa"	"4; 6"	"m"	"arenosa"	"densa"
"8285"	"florestal"		"baixa"			"arenosa"	"aberta"
"8286"	"florestal"	"ausente"	"baixa"	"15"	"m"	"arenosa"	"densa"
"8287"	"florestal"	"ausente"	"baixa"	"5; 10"	"m"	"arenosa"	"aberta"
"8288"	"florestal"	"ausente"	"baixa"	"5; 6"	"m"	"arenosa"	"densa"
"8289"	"florestal"	"ausente"	"baixa"	"6; 10"	"m"	"arenosa"	"densa"
"8290"	"florestal"		"baixa"			"arenosa"	"aberta"
"8291"	"florestal"		"baixa"			"arenosa"	"densa"
"8292"	"florestal"	"ausente"	"baixa"	"5; 15"	"m"	"arenosa"	"densa"
"8293"	"arbustiva"	"encharcado"	"muito baixa"	"2; 3"	"m"	"rochosa"	"densa"
"8294"	"arbustiva"	"encharcado"	"muito baixa"	"2; 3"	"m"	"rochosa"	"densa"
"8295"	"florestal"	"inundado"	"baixa"	"8"	"m"	"arenosa"	"aberta"
"8296"	"florestal"		"baixa"	"5; 6"	"m"	"arenosa"	"aberta"
"8297"	"florestal"		"baixa"				"aberta"
"8298"	"arbustiva"	"inundado"	"baixa"			"arenosa"	"aberta"
"8299"	"florestal"		"baixa"				"densa"
"8300"	"florestal"		"alta"
"8301"
"8302"	"florestal"		"baixa"				"aberta"
"8303"
"8304"
"8305"	"florestal"		"baixa"
"8306"	"florestal"		"baixa"
"8307"	"florestal"	"encharcado"
"8308"
"8309"
"8310"						"arenosa"
"8311"	"florestal"	"ausente"	"alta"	"20; 25"	"m"	"arenosa"
"8312"
"8313"	"arbustiva"		"muito baixa"			"arenosa"	"aberta"
"8314"	"florestal"		"baixa"	"10"	"m"	"arenosa"	"densa"
"8315"	"florestal"		"baixa"	"10"	"m"	"arenosa"	"densa"
"8316"	"arbustiva"		"muito baixa"	"2"	"m"	"arenosa"	"densa"
"8317"	"florestal"	"inundado"	"baixa"				"aberta"
"8318"
"8319"
"8320"
"8321"						"arenosa"
"8322"
"8323"	"arbustiva"		"muito baixa"				"aberta"
"8324"	"florestal"		"baixa"				"aberta"
"8325"
"8326"	"arbustiva"		"muito baixa"			"arenosa"	"aberta"
"8327"
"8328"	"florestal"		"baixa"			"rochosa"	"aberta"
"8329"	"arbustiva"		"muito baixa"				"aberta"
"8330"	"florestal"	"encharcado"	"alta"			"arenosa"
"8331"
"8332"	"florestal"		"baixa"			"rochosa"
"8333"	"florestal"		"baixa"	"5; 6"	"m"	"arenosa"	"densa"
"8334"
"8335"	"arbustiva"		"muito baixa"				"aberta"
"8336"	"arbustiva"		"muito baixa"				"aberta"
"8337"
"8338"
"8339"
"8340"	"florestal"		"baixa"			"rochosa"	"aberta"
"8341"	"florestal"	"ausente"	"baixa"			"arenosa"	"densa"
"8342"	"florestal"		"alta"			"arenosa"
"8343"
"8344"	"florestal"	"inundado"	"baixa"			"arenosa"	"densa"
"8345"
"8346"	"florestal"		"alta"				"densa"
"8347"
"8348"
"8349"
"8350"
"8351"
"8352"	"arbustiva"	"inundado"	"muito baixa"			"arenosa"	"aberta"
"8353"	"arbustiva"		"muito baixa"			"arenosa"	"densa"
"8354"	"florestal"		"alta"			"arenosa"	"densa"
"8355"
"8356"
"8357"
"8358"
"8359"	"arbustiva"		"muito baixa"				"aberta"
"8360"	"arbustiva"		"muito baixa"			"arenosa"	"densa"
"8361"	"arbustiva"	"inundado"	"muito baixa"			"arenosa"	"aberta"
"8362"
"8363"
"8364"	"florestal"	"inundado"
"8365"
"8366"
"8367"
"8368"	"florestal"		"alta"			"arenosa"	"aberta"
"8369"						"arenosa"
"8370"
"8371"	"florestal"
"8372"	"florestal"		"alta"			"arenosa"	"densa"
"8373"	"florestal"		"alta"
"8374"	"florestal"		"alta"
"8375"	"florestal"	"ausente"	"alta"
"8376"	"florestal"	"ausente"	"alta"	"15; 20"	"m"	"arenosa"
"8377"	"florestal"	"ausente"	"alta"			"rochosa"
"8378"	"florestal"		"alta"			"arenosa"
"8379"	"florestal"
"8380"	"florestal"
"8381"	"florestal"	"ausente"	"alta"
"8382"	"florestal"		"alta"	"20; 25"	"m"
"8383"	"florestal"	"ausente"	"alta"			"rochosa"
"8384"
"8385"	"florestal"		"baixa"			"arenosa"
"8386"	"florestal"		"baixa"			"arenosa"
"8387"
"8388"
"8389"	"arbustiva"	"inundado"	"muito baixa"			"argilosa"	"aberta"
"8390"	"florestal"		"alta"			"argilosa"
"8391"	"florestal"	"inundado"
"8392"	"arbustiva"		"muito baixa"				"aberta"
"8393"
"8394"	"arbustiva"	"encharcado"	"muito baixa"				"aberta"
"8395"	"florestal"		"baixa"				"aberta"
"8396"	"arbustiva"		"muito baixa"			"arenosa"	"aberta"
"8397"	"florestal"	"inundado"	"baixa"				"aberta"
"8398"	"florestal"		"baixa"				"aberta"
"8399"	"florestal"		"baixa"			"arenosa"	"aberta"
"8400"	"florestal"		"baixa"			"arenosa"	"aberta"
"8401"
"8402"	"florestal"
"8403"	"florestal"		"baixa"				"aberta"
"8404"
"8405"	"arbustiva"		"muito baixa"			"arenosa"	"aberta"
"8406"	"arbustiva"		"muito baixa"				"aberta"
"8407"	"florestal"		"baixa"				"aberta"
"8408"	"arbustiva"		"muito baixa"				"aberta"
"8409"	"florestal"	"inundado"				"arenosa"
"8410"	"florestal"		"baixa"			"arenosa"	"aberta"
"8411"	"florestal"
"8412"	"arbustiva"		"muito baixa"			"rochosa"	"densa"
"8413"	"arbustiva"		"muito baixa"				"aberta"
"8414"						"arenosa"
"8415"
"8416"	"arbustiva"		"muito baixa"			"arenosa"	"aberta"
"8417"	"florestal"		"baixa"				"aberta"
"8418"	"arbustiva"		"muito baixa"			"arenosa"	"aberta"
"8419"	"arbustiva"		"muito baixa"			"arenosa"	"aberta"
"8420"						"arenosa"
"8421"	"florestal"		"baixa"				"aberta"
"8422"	"florestal"	"inundado"
"8423"	"arbustiva"	"ausente"	"muito baixa"			"arenosa"	"aberta"
"8424"	"florestal"	"ausente"	"alta"
"8425"	"arbustiva"		"muito baixa"				"aberta"
"8426"
"8427"	"florestal"		"alta"
"8428"
"8429"	"arbustiva"		"muito baixa"				"aberta"
"8430"						"arenosa"
"8431"	"florestal"		"baixa"	"5; 6"	"m"	"arenosa"	"aberta"
"8432"	"arbustiva"	"inundado"	"muito baixa"			"arenosa"	"aberta"
"8433"	"florestal"		"baixa"	"5; 6"	"m"	"arenosa"	"aberta"
"8434"	"florestal"		"baixa"	"5; 6"	"m"	"arenosa"	"aberta"
"8435"	"florestal"		"baixa"	"5; 6"	"m"	"arenosa"	"aberta"
"8436"	"florestal"		"baixa"	"5; 6"	"m"	"arenosa"	"aberta"
"8437"	"florestal"		"baixa"	"5; 6"	"m"	"arenosa"	"aberta"
"8438"	"florestal"		"baixa"	"5; 6"	"m"	"arenosa"	"aberta"
"8439"	"florestal"	"inundado"	"baixa"	"5; 6"	"m"	"arenosa"	"aberta"
"8440"	"florestal"	"inundado"	"baixa"	"5; 6"	"m"		"aberta"
"8441"	"florestal"	"inundado"	"baixa"	"5; 6"	"m"	"arenosa"	"aberta"
"8442"	"florestal"		"baixa"			"arenosa"
"8443"	"florestal"	"inundado"
"8444"
"8445"
"8446"
"8447"	"florestal"		"baixa"				"aberta"
"8448"
"8449"
"8450"
"8451"
"8452"
"8453"	"florestal"		"alta"
"8454"	"florestal"	"inundado"	"baixa"	"8"	"m"	"arenosa"	"aberta"
"8455"	"florestal"	"inundado"	"baixa"	"8"	"m"	"arenosa"	"aberta"
"8456"	"florestal"	"inundado"	"baixa"	"8"	"m"	"arenosa"	"aberta"
"8457"	"florestal"	"inundado"	"baixa"	"8"	"m"	"arenosa"	"aberta"
"8458"	"florestal"	"inundado"	"baixa"	"8"	"m"	"arenosa"	"aberta"
"8459"	"florestal"	"inundado"	"baixa"	"8"	"m"	"arenosa"	"aberta"
"8460"	"florestal"	"inundado"	"baixa"	"8"	"m"	"arenosa"	"aberta"
"8461"	"florestal"	"inundado"	"baixa"	"8"	"m"	"arenosa"	"aberta"
"8462"	"florestal"		"baixa"				"aberta"
"8463"	"florestal"					"arenosa"
"8464"	"arbustiva"		"muito baixa"			"arenosa"	"aberta"
"8465"	"florestal"		"baixa"				"aberta"
"8466"	"florestal"		"baixa"			"arenosa"	"aberta"
"8467"	"florestal"		"baixa"			"arenosa"	"aberta"
"8468"	"florestal"	"ausente"	"baixa"	"9; 10"	"m"	"arenosa"	"densa"
"8469"	"florestal"	"ausente"	"baixa"	"9; 10"	"m"	"arenosa"	"densa"
"8470"						"arenosa"
"8471"
"8472"	"florestal"		"baixa"				"aberta"
"8473"	"florestal"		"baixa"			"arenosa"	"aberta"
"8474"
"8475"	"arbustiva"		"muito baixa"				"aberta"
"8476"	"arbustiva"		"muito baixa"				"aberta"
"8477"
"8478"	"arbustiva"		"muito baixa"				"aberta"
"8479"	"arbustiva"		"muito baixa"			"rochosa"
"8480"	"florestal"		"baixa"			"rochosa"	"densa"
"8481"
"8482"
"8483"
"8484"	"arbustiva"		"muito baixa"			"rochosa"	"aberta"
"8485"
"8486"	"arbustiva"	"ausente"
"8487"	"florestal"						"aberta"
"8488"
"8489"
"8490"
"8491"	"florestal"		"baixa"	"6"	"m"		"aberta"
"8492"
"8493"	"arbustiva"	"ausente"	"muito baixa"			"rochosa"	"aberta"
"8494"	"arbustiva"		"muito baixa"			"arenosa"	"aberta"
"8495"	"arbustiva"	"inundado"	"muito baixa"			"arenosa"	"densa"
"8496"	"arbustiva"		"muito baixa"				"aberta"
"8497"	"arbustiva"		"muito baixa"			"rochosa"	"aberta"
"8498"	"arbustiva"		"muito baixa"	"3; 4"	"m"	"rochosa"	"densa"
"8499"	"arbustiva"		"muito baixa"			"rochosa"	"aberta"
"8500"	"arbustiva"		"muito baixa"			"arenosa"	"aberta"
"8501"
"8502"	"arbustiva"	"ausente"	"muito baixa"			"rochosa"	"aberta"
"8503"	"arbustiva"		"muito baixa"				"densa"
"8504"	"arbustiva"		"muito baixa"				"densa"
"8505"	"arbustiva"		"muito baixa"				"densa"
"8506"	"arbustiva"		"muito baixa"			"rochosa"	"aberta"
"8507"	"arbustiva"		"muito baixa"			"rochosa"	"densa"
"8508"	"arbustiva"		"muito baixa"			"rochosa"	"densa"
"8509"	"arbustiva"		"muito baixa"			"rochosa"	"densa"
"8510"	"arbustiva"	"encharcado"	"muito baixa"			"rochosa"	"densa"
"8511"
"8512"	"arbustiva"		"muito baixa"				"aberta"
"8513"	"arbustiva"		"muito baixa"				"aberta"
"8514"
"8515"	"arbustiva"		"muito baixa"				"aberta"
"8516"	"arbustiva"		"muito baixa"			"rochosa"	"densa"
"8517"	"arbustiva"		"muito baixa"			"rochosa"	"densa"
"8518"
"8519"	"arbustiva"	"inundado"	"muito baixa"			"rochosa"
"8520"	"arbustiva"		"muito baixa"				"densa"
"8521"	"arbustiva"		"muito baixa"				"densa"
"8522"
"8523"
"8524"
"8525"	"arbustiva"		"muito baixa"				"aberta"
"8526"
"8527"	"arbustiva"		"muito baixa"				"aberta"
"8528"	"arbustiva"		"muito baixa"				"densa"
"8529"	"florestal"		"baixa"			"rochosa"
"8530"	"arbustiva"		"muito baixa"				"aberta"
"8531"	"arbustiva"		"muito baixa"			"rochosa"	"densa"
"8532"	"florestal"		"baixa"			"arenosa"	"densa"
"8533"	"arbustiva"		"muito baixa"				"densa"
"8534"	"florestal"		"baixa"				"aberta"
"8535"	"arbustiva"	"encharcado"	"muito baixa"				"densa"
"8536"	"arbustiva"	"encharcado"	"muito baixa"			"rochosa"
"8537"	"arbustiva"		"muito baixa"				"aberta"
"8538"	"arbustiva"		"muito baixa"			"arenosa"	"aberta"
"8539"	"florestal"		"baixa"			"arenosa"	"aberta"
"8540"	"arbustiva"	"ausente"	"baixa"			"arenosa"	"densa"
"8541"	"arbustiva"	"ausente"	"baixa"			"arenosa"	"densa"
"8542"
"8543"
"8544"	"arbustiva"		"muito baixa"				"aberta"
"8545"	"florestal"		"alta"
"8546"	"arbustiva"		"muito baixa"				"aberta"
"8547"	"florestal"		"baixa"			"arenosa"
"8548"	"arbustiva"		"muito baixa"			"rochosa"	"densa"
"8549"	"florestal"		"baixa"				"densa"
"8550"	"arbustiva"		"muito baixa"				"densa"
"8551"	"arbustiva"	"encharcado"	"muito baixa"			"rochosa"	"densa"
"8552"	"arbustiva"		"muito baixa"			"rochosa"	"densa"
"8553"	"arbustiva"	"encharcado"	"muito baixa"				"densa"
"8554"	"arbustiva"		"muito baixa"				"densa"
"8555"	"arbustiva"		"muito baixa"			"arenosa"	"densa"
"8556"	"arbustiva"		"muito baixa"			"rochosa"	"aberta"
"8557"
"8558"
"8559"	"arbustiva"		"muito baixa"			"rochosa"	"aberta"
"8560"	"arbustiva"		"muito baixa"			"rochosa"	"aberta"
"8561"	"arbustiva"		"muito baixa"				"aberta"
"8562"	"arbustiva"		"muito baixa"			"rochosa"	"densa"
"8563"	"florestal"
"8564"	"arbustiva"		"muito baixa"				"aberta"
"8565"	"florestal"		"baixa"				"aberta"
"8566"	"arbustiva"		"muito baixa"			"arenosa"	"aberta"
"8567"	"arbustiva"	"encharcado"	"muito baixa"				"aberta"
"8568"	"florestal"	"inundado"	"baixa"			"rochosa"	"aberta"
"8569"	"florestal"		"baixa"				"aberta"
"8570"	"florestal"	"encharcado"				"arenosa"
"8571"	"florestal"	"ausente"	"baixa"				"densa"
"8572"
"8573"	"florestal"		"baixa"				"densa"
"8574"	"florestal"	"encharcado"	"baixa"				"aberta"
"8575"	"arbustiva"	"encharcado"	"muito baixa"				"aberta"
"8576"	"arbustiva"		"baixa"				"aberta"
"8577"	"florestal"		"alta"	"30"	"m"	"arenosa"
"8578"	"florestal"		"baixa"				"aberta"
"8579"	"florestal"		"baixa"			"rochosa"	"densa"
"8580"
"8581"
"8582"
"8583"	"florestal"		"baixa"			"rochosa"	"aberta"
"8584"	"arbustiva"		"muito baixa"			"rochosa"	"aberta"
"8585"	"florestal"		"baixa"			"rochosa"	"aberta"
"8586"	"florestal"	"encharcado"				"arenosa"
"8587"	"arbustiva"		"muito baixa"			"rochosa"	"densa"
"8588"	"florestal"		"baixa"			"rochosa"	"aberta"
"8589"	"arbustiva"		"muito baixa"				"aberta"
"8590"	"arbustiva"		"muito baixa"				"aberta"
"8591"	"florestal"		"baixa"				"aberta"
"8592"	"florestal"					"arenosa"
"8593"	"arbustiva"		"muito baixa"			"arenosa"	"aberta"
"8594"	"arbustiva"		"muito baixa"				"aberta"
"8595"	"florestal"		"baixa"			"arenosa"
"8596"	"florestal"	"encharcado"	"baixa"				"aberta"
"8597"
"8598"	"florestal"		"baixa"			"arenosa"	"aberta"
"8599"
"8600"	"arbustiva"		"muito baixa"			"arenosa"	"densa"
"8601"	"florestal"		"baixa"			"arenosa"	"aberta"
"8602"	"arbustiva"		"muito baixa"			"rochosa"	"densa"
"8603"	"arbustiva"		"muito baixa"			"rochosa"	"densa"
"8604"	"florestal"		"baixa"				"aberta"
"8605"
"8606"	"florestal"		"baixa"			"arenosa"	"densa"
"8607"	"florestal"	"ausente"	"baixa"			"arenosa"	"aberta"
"8608"	"arbustiva"		"muito baixa"			"arenosa"	"densa"
"8609"	"arbustiva"		"muito baixa"			"arenosa"	"aberta"
"8610"	"arbustiva"		"muito baixa"			"arenosa"	"aberta"
"8611"	"florestal"		"baixa"			"arenosa"	"aberta"
"8612"	"florestal"	"encharcado"	"alta"
"8613"	"arbustiva"		"muito baixa"				"aberta"
"8614"	"florestal"		"baixa"			"rochosa"	"densa"
"8615"	"florestal"	"ausente"	"baixa"				"densa"
"8616"	"florestal"	"ausente"	"baixa"				"densa"
"8617"	"arbustiva"		"muito baixa"			"arenosa"	"densa"
"8618"	"arbustiva"		"muito baixa"				"aberta"
"8619"
"8620"						"arenosa"
"8621"						"arenosa"
"8622"						"arenosa"
"8623"	"florestal"
"8624"						"arenosa"
"8625"						"arenosa"
"8626"	"arbustiva"		"muito baixa"			"rochosa"	"aberta"
"8627"						"arenosa"
"8628"						"arenosa"
"8629"						"arenosa"
"8630"	"florestal"		"baixa"			"arenosa"	"aberta"
"8631"						"arenosa"
"8632"	"florestal"	"encharcado"
"8633"	"florestal"		"baixa"			"arenosa"
"8634"
"8635"	"florestal"		"baixa"			"arenosa"	"densa"
"8636"	"florestal"	"ausente"	"baixa"			"arenosa"
"8637"	"florestal"		"alta"			"arenosa"	"densa"
"8638"	"arbustiva"	"ausente"	"muito baixa"			"arenosa"	"aberta"
"8639"	"arbustiva"	"ausente"	"muito baixa"			"arenosa"	"aberta"
"8640"	"florestal"	"ausente"	"baixa"			"arenosa"	"aberta"
"8641"	"florestal"	"ausente"	"baixa"			"arenosa"	"aberta"
"8642"	"florestal"		"alta"
"8643"	"florestal"	"inundado"
"8644"
"8645"
"8646"	"florestal"		"baixa"			"arenosa"	"aberta"
"8647"	"arbustiva"		"muito baixa"			"arenosa"	"aberta"
"8648"
"8649"	"florestal"	"ausente"	"alta"	"10; 15"	"m"	"arenosa"	"densa"
"8650"	"florestal"	"ausente"	"baixa"			"arenosa"	"aberta"
"8651"	"florestal"	"ausente"	"baixa"	"7; 8"	"m"	"arenosa"	"densa"
"8652"	"arbustiva"	"inundado"	"muito baixa"	"2; 3"	"m"	"arenosa"	"aberta"
"8653"	"arbustiva"	"inundado"	"muito baixa"	"2; 3"	"m"	"arenosa"	"aberta"
"8654"	"arbustiva"	"inundado"	"muito baixa"	"2; 3"	"m"	"arenosa"	"aberta"
"8655"	"arbustiva"	"inundado"	"muito baixa"	"2; 3"	"m"	"arenosa"	"aberta"
"8656"	"florestal"	"ausente"	"baixa"	"4; 6"	"m"	"arenosa"	"densa"
"8657"	"florestal"	"ausente"	"baixa"	"4; 6"	"m"	"arenosa"	"densa"
"8658"	"arbustiva"		"muito baixa"			"arenosa"	"aberta"
"8659"	"arbustiva"	"inundado"	"muito baixa"	"2; 3"	"m"	"arenosa"	"aberta"
"8660"	"arbustiva"	"inundado"	"muito baixa"	"2; 3"	"m"	"arenosa"	"aberta"
"8661"	"arbustiva"	"inundado"	"muito baixa"	"2; 3"	"m"	"arenosa"	"aberta"
"8662"	"arbustiva"	"inundado"	"muito baixa"	"2; 3"	"m"	"arenosa"	"aberta"
"8663"	"florestal"	"ausente"	"baixa"	"4; 6"	"m"	"arenosa"	"densa"
"8664"	"arbustiva"		"muito baixa"			"rochosa"	"aberta"
"8665"	"florestal"		"baixa"				"aberta"
"8666"	"florestal"		"muito baixa"				"aberta"
"8667"
"8668"	"arbustiva"		"muito baixa"			"rochosa"	"densa"
"8669"	"arbustiva"		"muito baixa"				"aberta"
"8670"	"arbustiva"		"muito baixa"			"rochosa"	"densa"
"8671"	"florestal"		"baixa"				"aberta"
"8672"	"arbustiva"		"muito baixa"			"rochosa"	"densa"
"8673"	"arbustiva"		"muito baixa"				"aberta"
"8674"	"arbustiva"		"muito baixa"				"aberta"
"8675"
"8676"	"arbustiva"		"muito baixa"				"aberta"
"8677"	"arbustiva"		"muito baixa"			"arenosa"	"aberta"
"8678"	"arbustiva"		"muito baixa"				"aberta"
"8679"	"arbustiva"		"muito baixa"			"rochosa"	"aberta"
"8680"
"8681"	"arbustiva"		"muito baixa"			"arenosa"	"aberta"
"8682"
"8683"	"florestal"		"baixa"			"arenosa"	"aberta"
"8684"
"8685"
"8686"	"arbustiva"		"muito baixa"			"arenosa"	"aberta"
"8687"	"arbustiva"		"muito baixa"				"aberta"
"8688"	"arbustiva"		"muito baixa"				"aberta"
"8689"	"arbustiva"		"muito baixa"				"aberta"
"8690"	"arbustiva"		"muito baixa"				"aberta"
"8691"	"arbustiva"		"muito baixa"				"aberta"
"8692"	"arbustiva"		"muito baixa"				"aberta"
"8693"	"arbustiva"		"muito baixa"			"arenosa"	"densa"
"8694"	"arbustiva"		"muito baixa"			"arenosa"	"aberta"
"8695"	"arbustiva"		"muito baixa"				"aberta"
"8696"	"arbustiva"		"muito baixa"				"aberta"
"8697"
"8698"	"arbustiva"		"muito baixa"			"arenosa"
"8699"	"florestal"		"alta"
"8700"	"arbustiva"		"muito baixa"				"aberta"
"8701"	"arbustiva"		"muito baixa"			"rochosa"	"aberta"
"8702"	"arbustiva"		"muito baixa"				"aberta"
"8703"	"arbustiva"		"muito baixa"			"arenosa"	"aberta"
"8704"	"florestal"	"encharcado"
"8705"	"arbustiva"		"muito baixa"			"arenosa"	"aberta"
"8706"	"arbustiva"		"muito baixa"			"arenosa"	"aberta"
"8707"	"florestal"		"baixa"			"rochosa"	"aberta"
"8708"	"florestal"		"baixa"				"aberta"
"8709"		"encharcado"
"8710"	"florestal"		"baixa"				"aberta"
"8711"	"arbustiva"		"muito baixa"				"aberta"
"8712"	"arbustiva"		"muito baixa"			"rochosa"	"densa"
"8713"	"florestal"		"alta"
"8714"
"8715"	"florestal"					"arenosa"
"8716"	"arbustiva"		"muito baixa"				"aberta"
"8717"	"florestal"		"alta"
"8718"
"8719"	"florestal"
"8720"
"8721"	"florestal"		"baixa"			"arenosa"	"aberta"
"8722"	"florestal"		"alta"			"argilosa"
"8723"	"arbustiva"	"ausente"	"muito baixa"			"arenosa"	"aberta"
"8724"	"florestal"		"alta"			"arenosa"	"densa"
"8725"	"florestal"	"ausente"	"alta"
"8726"	"florestal"	"encharcado"
"8727"
"8728"	"arbustiva"		"muito baixa"				"aberta"
"8729"
"8730"
"8731"
"8732"	"florestal"	"ausente"	"baixa"	"5; 6"	"m"	"arenosa"	"aberta"
"8733"	"florestal"	"ausente"	"baixa"	"5; 6"	"m"	"arenosa"	"densa"
"8734"	"florestal"	"ausente"	"baixa"	"5; 6"	"m"	"arenosa"	"densa"
"8735"	"florestal"	"ausente"	"baixa"	"5; 6"	"m"	"arenosa"	"densa"
"8736"	"florestal"		"alta"			"arenosa"
"8737"	"florestal"		"baixa"				"aberta"
"8738"	"florestal"		"baixa"			"arenosa"	"aberta"
"8739"	"florestal"	"inundado"	"baixa"			"arenosa"	"densa"
"8740"	"florestal"	"inundado"	"baixa"			"arenosa"	"densa"
"8741"	"florestal"	"inundado"	"baixa"			"arenosa"	"densa"
"8742"	"arbustiva"	"inundado"	"muito baixa"			"arenosa"	"aberta"
"8743"	"arbustiva"		"muito baixa"			"rochosa"	"densa"
"8744"	"florestal"		"baixa"				"aberta"
"8745"	"florestal"		"baixa"				"aberta"
"8746"	"florestal"	"ausente"	"baixa"				"densa"
"8747"	"arbustiva"		"muito baixa"			"arenosa"	"densa"
"8748"	"arbustiva"		"muito baixa"			"arenosa"	"densa"
"8749"
"8750"
"8751"
"8752"	"arbustiva"	"encharcado"	"muito baixa"			"rochosa"	"aberta"
"8753"
"8754"	"florestal"		"baixa"				"aberta"
"8755"
"8756"
"8757"	"florestal"		"alta"
"8758"	"florestal"					"arenosa"
"8759"	"arbustiva"		"muito baixa"			"rochosa"	"aberta"
"8760"	"florestal"		"baixa"			"arenosa"	"densa"
"8761"	"florestal"		"baixa"			"arenosa"	"densa"
"8762"	"florestal"		"baixa"			"arenosa"	"aberta"
"8763"	"florestal"		"baixa"			"arenosa"
"8764"
"8765"	"arbustiva"		"muito baixa"			"arenosa"	"aberta"
"8766"
"8767"
"8768"	"arbustiva"		"muito baixa"	"3"	"m"	"rochosa"	"aberta"
"8769"	"arbustiva"		"muito baixa"				"aberta"
"8770"
"8771"
"8772"		"ausente"				"arenosa"
"8773"						"arenosa"
"8774"	"florestal"		"baixa"			"rochosa"	"aberta"
"8775"
"8776"						"arenosa"
"8777"						"arenosa"
"8778"						"arenosa"
"8779"						"arenosa"
"8780"	"florestal"	"ausente"	"baixa"			"arenosa"	"aberta"
"8781"	"florestal"	"ausente"	"baixa"			"arenosa"	"aberta"
"8782"	"florestal"	"ausente"	"baixa"			"arenosa"	"aberta"
"8783"	"florestal"	"ausente"	"baixa"			"arenosa"	"aberta"
"8784"	"florestal"	"inundado"	"baixa"	"5; 6"	"m"	"arenosa"	"densa"
"8785"	"florestal"	"inundado"	"baixa"	"5; 6"	"m"	"arenosa"	"densa"
"8786"	"florestal"	"inundado"	"baixa"	"5; 6"	"m"	"arenosa"	"densa"
"8787"	"arbustiva"	"inundado"	"muito baixa"			"arenosa"	"aberta"
"8788"						"arenosa"
"8789"	"florestal"		"alta"			"arenosa"	"densa"
"8790"						"arenosa"
"8791"	"florestal"	"inundado"	"baixa"	"5; 6"	"m"	"rochosa"	"densa"
"8792"	"arbustiva"	"inundado"	"muito baixa"			"arenosa"	"aberta"
"8793"	"arbustiva"	"inundado"	"muito baixa"			"arenosa"	"aberta"
"8794"	"florestal"	"inundado"	"baixa"	"5; 6"	"m"	"arenosa"	"densa"
"8795"	"florestal"	"inundado"	"baixa"	"5; 6"	"m"	"arenosa"	"aberta"
"8796"	"florestal"	"ausente"	"baixa"	"5; 6"	"m"	"rochosa"	"aberta"
"8797"	"florestal"	"ausente"	"baixa"	"5; 6"	"m"	"rochosa"	"aberta"
"8798"						"arenosa"
"8799"	"florestal"	"ausente"	"baixa"	"5; 6"	"m"	"rochosa"	"aberta"
"8800"	"florestal"	"ausente"	"alta"	"15; 20"	"m"	"arenosa"	"densa"
"8801"	"florestal"	"ausente"	"alta"	"15; 20"	"m"	"arenosa"	"densa"
"8802"	"arbustiva"	"inundado"	"muito baixa"			"arenosa"	"aberta"
"8803"	"florestal"	"ausente"	"alta"	"20"	"m"	"arenosa"	"densa"
"8804"						"arenosa"
"8805"						"arenosa"
"8806"						"arenosa"
"8807"
"8808"
"8809"	"arbustiva"		"muito baixa"				"aberta"
"8810"	"florestal"		"baixa"				"aberta"
"8811"	"florestal"		"baixa"	"5; 7"	"m"	"arenosa"	"aberta"
"8812"	"arbustiva"		"muito baixa"
"8813"	"arbustiva"		"muito baixa"
"8814"
"8815"	"florestal"		"baixa"
"8816"	"arbustiva"		"muito baixa"			"arenosa"	"densa"
"8817"	"arbustiva"		"baixa"			"rochosa"	"densa"
"8818"	"arbustiva"		"muito baixa"			"rochosa"	"densa"
"8819"
"8820"						"arenosa"
"8821"	"florestal"		"alta"
"8822"		"encharcado"				"arenosa"
"8823"	"arbustiva"		"muito baixa"			"arenosa"	"densa"
"8824"	"arbustiva"		"muito baixa"			"rochosa"	"aberta"
"8825"	"florestal"					"arenosa"
"8826"	"florestal"		"baixa"			"arenosa"
"8827"	"florestal"		"alta"			"arenosa"	"densa"
"8828"	"florestal"						"aberta"
"8829"
"8830"
"8831"	"florestal"		"baixa"
"8832"	"florestal"
"8833"
"8834"	"florestal"		"alta"			"arenosa"	"densa"
"8835"	"florestal"		"alta"	"15"	"m"		"densa"
"8836"	"florestal"	"inundado"	"baixa"	"7; 8"	"m"
"8837"	"florestal"	"inundado"	"alta"			"arenosa"	"densa"
"8838"	"florestal"	"ausente"	"alta"			"arenosa"	"densa"
"8839"	"florestal"	"inundado"	"alta"	"20; 25"	"m"
"8840"	"florestal"	"ausente"	"alta"
"8841"	"florestal"	"ausente"	"alta"	"15; 20"	"m"	"arenosa"
"8842"	"florestal"		"baixa"				"aberta"
"8843"	"florestal"		"baixa"				"aberta"
"8844"	"florestal"	"ausente"	"alta"			"rochosa"
"8845"	"arbustiva"	"inundado"	"muito baixa"			"arenosa"	"aberta"
"8846"
"8847"
"8848"
"8849"
"8850"	"arbustiva"		"muito baixa"			"arenosa"	"aberta"
"8851"	"florestal"		"alta"
"8852"	"florestal"		"baixa"			"arenosa"
"8853"	"arbustiva"		"muito baixa"				"densa"
"8854"	"florestal"		"baixa"
"8855"						"arenosa"
"8856"
"8857"	"arbustiva"		"muito baixa"			"rochosa"	"aberta"
"8858"
"8859"	"florestal"	"ausente"	"alta"			"arenosa"
"8860"	"florestal"		"baixa"
"8861"	"florestal"	"inundado"
"8862"	"arbustiva"		"muito baixa"
"8863"	"arbustiva"		"muito baixa"
"8864"	"florestal"		"alta"
"8865"	"florestal"		"alta"
"8866"	"arbustiva"		"muito baixa"				"aberta"
"8867"
"8868"	"florestal"	"inundado"	"alta"
"8869"	"florestal"		"baixa"			"arenosa"	"aberta"
"8870"	"florestal"		"baixa"			"rochosa"	"densa"
"8871"	"arbustiva"		"muito baixa"			"rochosa"	"aberta"
"8872"	"florestal"		"alta"
"8873"	"florestal"	"ausente"	"baixa"
"8874"	"florestal"		"alta"
"8875"	"florestal"		"alta"
"8876"	"florestal"		"baixa"			"arenosa"
"8877"
"8878"	"arbustiva"		"muito baixa"				"aberta"
"8879"	"florestal"		"baixa"				"densa"
"8880"
"8881"	"florestal"		"baixa"				"aberta"
"8882"
"8883"
"8884"	"florestal"
"8885"	"florestal"		"baixa"
"8886"
"8887"	"florestal"		"alta"
"8888"	"florestal"		"alta"
"8889"
"8890"						"arenosa"
"8891"
"8892"
"8893"
"8894"						"arenosa"
"8895"	"florestal"		"baixa"			"arenosa"	"aberta"
"8896"	"arbustiva"	"inundado"	"muito baixa"			"arenosa"	"densa"
"8897"	"florestal"		"alta"			"arenosa"
"8898"	"florestal"		"alta"			"arenosa"
"8899"	"florestal"		"baixa"			"arenosa"	"aberta"
"8900"	"florestal"		"baixa"				"aberta"
"8901"	"florestal"		"baixa"			"arenosa"	"aberta"
"8902"	"arbustiva"	"inundado"	"muito baixa"			"arenosa"	"aberta"
"8903"	"arbustiva"		"muito baixa"			"arenosa"	"aberta"
"8904"	"florestal"		"baixa"				"aberta"
"8905"	"florestal"		"baixa"			"argilosa"	"aberta"
"8906"	"florestal"		"baixa"			"arenosa"	"aberta"
"8907"	"arbustiva"		"muito baixa"			"arenosa"	"densa"
"8908"	"arbustiva"		"muito baixa"			"arenosa"	"densa"
"8909"	"arbustiva"		"muito baixa"			"arenosa"	"densa"
"8910"	"florestal"		"baixa"			"arenosa"	"aberta"
"8911"	"florestal"		"alta"			"arenosa"
"8912"	"florestal"		"alta"			"arenosa"
"8913"	"florestal"		"baixa"			"arenosa"	"aberta"
"8914"	"florestal"		"baixa"			"arenosa"	"aberta"
"8915"	"florestal"					"arenosa"
"8916"	"florestal"		"baixa"			"arenosa"	"aberta"
"8917"	"florestal"	"ausente"	"baixa"	"5; 10"	"m"	"arenosa"	"densa"
"8918"	"florestal"	"ausente"	"baixa"	"5; 10"	"m"	"arenosa"	"densa"
"8919"	"florestal"	"ausente"	"baixa"	"5; 10"	"m"	"arenosa"	"densa"
"8920"	"florestal"	"ausente"	"baixa"	"5; 10"	"m"	"arenosa"	"aberta"
"8921"	"florestal"	"ausente"	"alta"	"10; 15"	"m"	"arenosa"	"densa"
"8922"	"florestal"	"ausente"	"baixa"	"7; 8"	"m"	"arenosa"	"aberta"
"8923"	"florestal"	"ausente"	"alta"	"10; 15"	"m"	"arenosa"	"densa"
"8924"	"florestal"	"ausente"	"baixa"	"7; 8"	"m"	"arenosa"	"aberta"
"8925"	"florestal"	"ausente"	"baixa"	"7; 8"	"m"	"arenosa"	"aberta"
"8926"	"florestal"	"ausente"	"baixa"	"5; 10"	"m"	"arenosa"	"aberta"
"8927"	"florestal"	"ausente"	"baixa"	"7; 8"	"m"	"arenosa"	"densa"
"8928"	"florestal"	"ausente"	"baixa"	"7; 8"	"m"	"arenosa"	"densa"
"8929"	"florestal"	"ausente"	"baixa"	"7; 8"	"m"	"arenosa"	"densa"
"8930"	"florestal"	"ausente"	"alta"	"10; 15"	"m"	"arenosa"	"densa"
"8931"	"florestal"	"ausente"	"baixa"	"7; 8"	"m"	"arenosa"	"aberta"
"8932"	"florestal"		"baixa"			"arenosa"
"8933"	"florestal"					"arenosa"
"8934"	"arbustiva"	"ausente"	"muito baixa"				"densa"
"8935"	"florestal"		"baixa"				"aberta"
"8936"	"florestal"		"baixa"			"arenosa"	"aberta"
"8937"	"florestal"		"baixa"			"arenosa"	"aberta"
"8938"	"florestal"		"baixa"			"arenosa"	"aberta"
"8939"	"florestal"		"baixa"			"arenosa"	"aberta"
"8940"
"8941"	"florestal"	"ausente"	"alta"			"argilosa"
"8942"
"8943"	"florestal"		"alta"			"arenosa"	"densa"
"8944"	"florestal"		"alta"
"8945"
"8946"	"arbustiva"		"muito baixa"			"arenosa"	"densa"
"8947"	"arbustiva"		"muito baixa"			"arenosa"	"densa"
"8948"	"florestal"	"ausente"	"baixa"	"4; 5"	"m"	"arenosa"
"8949"	"arbustiva"		"muito baixa"				"aberta"
"8950"
"8951"	"florestal"		"alta"
"8952"	"florestal"	"ausente"	"baixa"				"densa"
"8953"	"florestal"		"baixa"			"rochosa"	"densa"
"8954"	"florestal"		"baixa"			"rochosa"	"densa"
"8955"
"8956"
"8957"	"florestal"		"baixa"	"4; 10"	"m"		"densa"
"8958"
"8959"
"8960"	"arbustiva"	"ausente"	"muito baixa"				"densa"
"8961"	"florestal"	"ausente"	"baixa"				"aberta"
"8962"	"florestal"	"ausente"	"baixa"				"densa"
"8963"	"florestal"	"ausente"	"baixa"				"densa"
"8964"	"florestal"		"baixa"			"rochosa"
"8965"	"florestal"		"baixa"			"rochosa"
"8966"	"arbustiva"		"muito baixa"			"rochosa"	"densa"
"8967"	"florestal"
"8968"
"8969"
"8970"	"arbustiva"	"encharcado"	"muito baixa"			"rochosa"
"8971"	"florestal"	"ausente"	"alta"	"30; 35"	"m"	"arenosa"	"densa"
"8972"	"florestal"	"inundado"	"baixa"				"aberta"
"8973"	"florestal"	"inundado"	"baixa"				"aberta"
"8974"	"florestal"	"encharcado"
"8975"	"arbustiva"		"muito baixa"			"rochosa"	"aberta"
"8976"
"8977"
"8978"
"8979"	"florestal"		"alta"			"arenosa"
"8980"	"florestal"		"alta"
"8981"	"florestal"	"ausente"	"alta"			"arenosa"
"8982"
"8983"
"8984"
"8985"	"florestal"	"encharcado"				"rochosa"
"8986"	"florestal"	"encharcado"				"rochosa"
"8987"	"florestal"		"baixa"			"arenosa"	"aberta"
"8988"	"florestal"		"alta"			"arenosa"
"8989"	"florestal"	"ausente"	"alta"			"arenosa"
"8990"	"florestal"		"baixa"			"arenosa"	"aberta"
"8991"	"florestal"	"ausente"	"baixa"				"densa"
"8992"	"arbustiva"		"muito baixa"			"rochosa"	"aberta"
"8993"	"arbustiva"	"encharcado"	"muito baixa"	"2; 3"	"m"	"rochosa"	"densa"
"8994"	"arbustiva"	"encharcado"	"muito baixa"	"2; 3"	"m"	"rochosa"	"densa"
"8995"	"arbustiva"	"encharcado"	"muito baixa"	"2; 3"	"m"	"rochosa"	"densa"
"8996"
"8997"
"8998"
"8999"	"florestal"	"encharcado"	"alta"
"9000"
"9001"	"arbustiva"	"inundado"	"muito baixa"				"aberta"
"9002"
"9003"
"9004"
"9005"
"9006"
"9007"	"florestal"		"baixa"				"aberta"
"9008"
"9009"	"arbustiva"		"muito baixa"			"rochosa"
"9010"	"florestal"		"alta"			"arenosa"
"9011"	"arbustiva"		"muito baixa"			"rochosa"	"aberta"
"9012"	"florestal"		"baixa"			"arenosa"
"9013"						"arenosa"
"9014"	"florestal"
"9015"						"arenosa"
"9016"	"florestal"
"9017"	"florestal"		"alta"
"9018"	"florestal"		"alta"
"9019"	"florestal"		"baixa"
"9020"	"florestal"		"baixa"				"aberta"
"9021"	"florestal"		"alta"
"9022"	"florestal"		"alta"			"arenosa"	"densa"
"9023"	"arbustiva"		"muito baixa"			"arenosa"	"aberta"
"9024"	"florestal"		"alta"			"arenosa"
"9025"	"arbustiva"		"muito baixa"			"arenosa"	"aberta"
"9026"	"florestal"		"alta"			"arenosa"
"9027"	"arbustiva"	"ausente"	"muito baixa"				"densa"
"9028"	"florestal"						"aberta"
"9029"	"florestal"		"baixa"			"arenosa"	"densa"
"9030"
"9031"
"9032"	"florestal"		"alta"
"9033"						"arenosa"
"9034"						"arenosa"
"9035"	"florestal"	"ausente"	"baixa"			"arenosa"	"aberta"
"9036"	"florestal"	"ausente"	"baixa"			"arenosa"	"aberta"
"9037"
"9038"
"9039"	"florestal"		"alta"
"9040"
"9041"	"florestal"		"alta"
"9042"	"florestal"
"9043"
"9044"
"9045"
"9046"
"9047"
"9048"	"florestal"		"baixa"				"aberta"
"9049"	"florestal"	"encharcado"
"9050"						"arenosa"
"9051"	"florestal"					"arenosa"
"9052"	"florestal"	"encharcado"				"arenosa"
"9053"						"arenosa"
"9054"
"9055"
"9056"
"9057"	"florestal"		"baixa"				"aberta"
"9058"	"florestal"		"baixa"				"aberta"
"9059"	"florestal"		"baixa"				"aberta"
"9060"	"florestal"
"9061"
"9062"
"9063"
"9064"
"9065"
"9066"	"florestal"	"ausente"	"baixa"			"arenosa"	"aberta"
"9067"	"florestal"	"ausente"	"baixa"			"arenosa"	"aberta"
"9068"	"florestal"	"ausente"	"baixa"			"arenosa"	"aberta"
"9069"	"florestal"		"baixa"			"arenosa"	"aberta"
"9070"	"florestal"	"ausente"	"baixa"			"arenosa"	"aberta"
"9071"	"florestal"		"baixa"			"arenosa"	"aberta"
"9072"	"florestal"					"arenosa"
"9073"	"arbustiva"		"muito baixa"				"aberta"
"9074"	"arbustiva"		"muito baixa"				"aberta"
"9075"	"florestal"		"baixa"
"9076"	"florestal"		"baixa"				"aberta"
"9077"	"arbustiva"		"muito baixa"				"densa"
"9078"	"florestal"	"ausente"	"baixa"	"5; 10"	"m"	"arenosa"	"aberta"
"9079"	"florestal"	"ausente"	"baixa"	"5; 10"	"m"	"arenosa"	"aberta"
"9080"	"florestal"	"ausente"	"baixa"	"5; 10"	"m"	"arenosa"	"aberta"
"9081"	"florestal"	"ausente"	"baixa"	"5; 10"	"m"	"arenosa"	"aberta"
"9082"	"florestal"	"ausente"	"baixa"	"5; 10"	"m"	"arenosa"	"aberta"
"9083"	"florestal"	"ausente"	"baixa"	"5; 10"	"m"	"arenosa"	"aberta"
"9084"	"florestal"	"ausente"	"baixa"	"5; 10"	"m"	"arenosa"	"aberta"
"9085"	"florestal"		"baixa"				"aberta"
"9086"	"florestal"		"baixa"				"aberta"
"9087"	"arbustiva"		"muito baixa"			"arenosa"	"aberta"
"9088"
"9089"
"9090"	"arbustiva"		"muito baixa"			"arenosa"	"aberta"
"9091"	"florestal"		"baixa"	"8; 10"	"m"	"arenosa"
"9092"	"florestal"		"baixa"	"8; 10"	"m"	"arenosa"
"9093"	"florestal"		"baixa"	"8; 10"	"m"	"arenosa"
"9094"	"florestal"		"baixa"	"8; 10"	"m"	"arenosa"
"9095"	"arbustiva"		"muito baixa"			"arenosa"	"aberta"
"9096"	"arbustiva"		"muito baixa"			"arenosa"	"aberta"
"9097"
"9098"	"florestal"		"baixa"			"arenosa"	"aberta"
"9099"
"9100"	"florestal"		"baixa"			"arenosa"	"densa"
"9101"
"9102"	"florestal"		"baixa"				"densa"
"9103"	"florestal"	"ausente"	"baixa"	"5; 15"	"m"	"arenosa"	"densa"
"9104"	"florestal"	"ausente"	"baixa"	"6; 10"	"m"	"arenosa"	"densa"
"9105"	"florestal"	"ausente"	"baixa"	"5; 15"	"m"		"densa"
"9106"	"florestal"	"ausente"	"baixa"	"5; 15"	"m"	"arenosa"	"densa"
"9107"	"florestal"	"ausente"	"baixa"	"5; 15"	"m"	"arenosa"	"densa"
"9108"	"florestal"	"ausente"	"baixa"	"5; 15"	"m"	"arenosa"	"densa"
"9109"	"florestal"	"ausente"	"baixa"	"5; 15"	"m"	"arenosa"	"densa"
"9110"	"florestal"	"ausente"	"baixa"	"5; 15"	"m"	"arenosa"	"densa"
"9111"	"florestal"	"ausente"	"baixa"	"5; 15"	"m"	"arenosa"	"densa"
"9112"	"florestal"	"ausente"	"baixa"	"5; 15"	"m"	"arenosa"	"densa"
"9113"	"florestal"	"ausente"	"baixa"	"5; 15"	"m"	"arenosa"	"densa"
"9114"	"florestal"	"ausente"	"baixa"	"5; 15"	"m"	"arenosa"	"densa"
"9115"
"9116"
"9117"	"florestal"		"alta"			"arenosa"	"aberta"
"9118"	"florestal"	"encharcado"	"baixa"				"aberta"
"9119"	"arbustiva"		"muito baixa"			"arenosa"	"aberta"
"9120"	"florestal"		"baixa"				"aberta"
"9121"	"florestal"		"baixa"			"arenosa"	"aberta"
"9122"	"florestal"		"baixa"				"aberta"
"9123"
"9124"	"florestal"		"baixa"				"aberta"
"9125"						"arenosa"
"9126"	"florestal"		"baixa"
"9127"	"florestal"		"baixa"			"arenosa"	"aberta"
"9128"	"florestal"		"baixa"				"aberta"
"9129"	"florestal"		"alta"			"arenosa"
"9130"
"9131"	"arbustiva"		"muito baixa"			"arenosa"	"aberta"
"9132"
"9133"	"florestal"		"baixa"			"arenosa"	"aberta"
"9134"
"9135"	"florestal"		"baixa"			"arenosa"	"aberta"
"9136"	"florestal"		"baixa"			"arenosa"	"aberta"
"9137"
"9138"
"9139"
"9140"
"9141"	"florestal"		"baixa"			"arenosa"	"aberta"
"9142"	"florestal"					"arenosa"
"9143"	"arbustiva"		"muito baixa"			"arenosa"	"aberta"
"9144"	"florestal"	"inundado"	"baixa"				"aberta"
"9145"	"arbustiva"		"muito baixa"			"arenosa"	"aberta"
"9146"	"arbustiva"		"muito baixa"			"arenosa"
"9147"
"9148"
"9149"	"florestal"					"arenosa"
"9150"	"arbustiva"		"muito baixa"				"densa"
"9151"	"arbustiva"		"muito baixa"				"densa"
"9152"	"arbustiva"		"muito baixa"				"densa"
"9153"	"arbustiva"		"muito baixa"			"arenosa"	"densa"
"9154"	"arbustiva"		"muito baixa"				"densa"
"9155"
"9156"
"9157"	"arbustiva"		"muito baixa"			"rochosa"	"aberta"
"9158"	"arbustiva"		"muito baixa"				"aberta"
"9159"
"9160"	"arbustiva"		"muito baixa"			"arenosa"	"aberta"
"9161"
"9162"
"9163"		"encharcado"				"rochosa"
"9164"
"9165"	"arbustiva"		"muito baixa"			"arenosa"	"aberta"
"9166"	"arbustiva"	"inundado"	"baixa"			"arenosa"	"densa"
"9167"	"florestal"		"baixa"				"aberta"
"9168"	"florestal"		"alta"
"9169"	"arbustiva"	"ausente"	"baixa"			"arenosa"	"densa"
"9170"
"9171"
"9172"	"florestal"		"baixa"				"aberta"
"9173"	"florestal"		"baixa"			"arenosa"	"aberta"
"9174"	"florestal"		"baixa"			"arenosa"	"densa"
"9175"	"florestal"		"alta"
"9176"	"florestal"		"baixa"			"arenosa"	"aberta"
"9177"	"florestal"					"arenosa"
"9178"	"florestal"		"baixa"				"aberta"
"9179"	"florestal"		"baixa"				"aberta"
"9180"
"9181"
"9182"	"arbustiva"		"muito baixa"			"arenosa"	"densa"
"9183"	"florestal"	"encharcado"				"arenosa"
"9184"	"arbustiva"		"muito baixa"			"arenosa"	"densa"
"9185"	"florestal"	"ausente"
"9186"						"arenosa"
"9187"	"florestal"	"ausente"	"baixa"	"7; 8"	"m"	"arenosa"	"aberta"
"9188"	"florestal"	"ausente"	"baixa"	"7; 8"	"m"	"arenosa"	"aberta"
"9189"	"florestal"	"ausente"	"baixa"	"7; 8"	"m"	"arenosa"	"aberta"
"9190"	"florestal"	"ausente"	"baixa"	"7; 8"	"m"	"arenosa"	"aberta"
"9191"	"florestal"	"ausente"	"baixa"	"7; 8"	"m"	"arenosa"	"aberta"
"9192"	"florestal"	"ausente"	"baixa"	"7; 8"	"m"	"arenosa"	"aberta"
"9193"	"florestal"	"ausente"	"baixa"	"7; 8"	"m"	"arenosa"	"aberta"
"9194"	"florestal"		"baixa"			"arenosa"	"aberta"
"9195"
"9196"
"9197"	"florestal"	"ausente"
"9198"	"florestal"						"aberta"
"9199"	"florestal"		"baixa"			"arenosa"
"9200"	"florestal"		"baixa"				"aberta"
"9201"	"arbustiva"		"muito baixa"				"aberta"
"9202"	"florestal"		"alta"			"arenosa"
"9203"	"florestal"		"baixa"				"aberta"
"9204"	"florestal"		"baixa"			"arenosa"	"aberta"
"9205"	"florestal"		"baixa"
"9206"	"arbustiva"		"muito baixa"				"aberta"
"9207"	"florestal"		"alta"
"9208"	"florestal"		"baixa"			"arenosa"
"9209"	"florestal"		"baixa"				"aberta"
"9210"	"florestal"	"inundado"	"alta"	"15"	"m"	"arenosa"
"9211"	"arbustiva"	"inundado"	"muito baixa"	"2; 3"	"m"	"arenosa"	"aberta"
"9212"	"arbustiva"	"inundado"	"muito baixa"	"2; 3"	"m"		"aberta"
"9213"	"florestal"	"inundado"	"alta"	"15"	"m"	"arenosa"
"9214"	"arbustiva"	"inundado"	"muito baixa"	"2; 3"	"m"	"arenosa"	"aberta"
"9215"	"florestal"		"baixa"			"rochosa"	"densa"
"9216"	"florestal"		"baixa"
"9217"	"florestal"		"baixa"				"aberta"
"9218"	"florestal"		"alta"
"9219"	"arbustiva"		"muito baixa"				"aberta"
"9220"	"arbustiva"		"muito baixa"				"aberta"
"9221"	"florestal"		"baixa"				"aberta"
"9222"	"florestal"	"ausente"	"baixa"
"9223"	"arbustiva"		"muito baixa"				"aberta"
"9224"
"9225"
"9226"
"9227"
"9228"
"9229"
"9230"
"9231"
"9232"	"florestal"	"ausente"	"baixa"			"arenosa"	"aberta"
"9233"
"9234"	"florestal"		"alta"			"arenosa"	"densa"
"9235"	"florestal"					"rochosa"
"9236"	"florestal"		"baixa"			"arenosa"	"aberta"
"9237"
"9238"						"arenosa"
"9239"						"arenosa"
"9240"						"arenosa"
"9241"	"florestal"		"baixa"			"rochosa"	"aberta"
"9242"
"9243"	"arbustiva"		"muito baixa"			"arenosa"	"aberta"
"9244"	"florestal"		"baixa"
"9245"
"9246"	"florestal"					"rochosa"
"9247"
"9248"	"florestal"
"9249"	"florestal"					"arenosa"
"9250"
"9251"
"9252"	"arbustiva"		"muito baixa"				"aberta"
"9253"
"9254"
"9255"
"9256"
"9257"	"florestal"	"ausente"	"baixa"			"arenosa"
"9258"	"florestal"		"baixa"			"arenosa"	"aberta"
"9259"
"9260"	"florestal"		"baixa"				"aberta"
"9261"	"florestal"		"baixa"			"arenosa"	"densa"
"9262"	"arbustiva"		"muito baixa"				"aberta"
"9263"
"9264"
"9265"	"florestal"					"arenosa"
"9266"	"florestal"	"ausente"	"baixa"	"15"	"m"	"arenosa"	"densa"
"9267"	"florestal"	"ausente"	"baixa"	"15"	"m"	"arenosa"	"densa"
"9268"	"florestal"	"ausente"	"baixa"	"15"	"m"	"arenosa"	"densa"
"9269"	"florestal"	"ausente"	"baixa"	"15"	"m"	"arenosa"	"densa"
"9270"	"florestal"	"ausente"	"baixa"	"15"	"m"	"arenosa"	"densa"
"9271"	"florestal"	"ausente"	"baixa"	"15"	"m"	"arenosa"	"densa"
"9272"
"9273"
"9274"
"9275"
"9276"	"arbustiva"	"ausente"	"muito baixa"				"aberta"
"9277"
"9278"	"florestal"	"inundado"	"baixa"	"5; 30"	"m"
"9279"
"9280"						"arenosa"
"9281"	"florestal"	"ausente"	"baixa"			"arenosa"	"densa"
"9282"	"arbustiva"		"muito baixa"				"aberta"
"9283"	"arbustiva"		"muito baixa"				"aberta"
"9284"	"arbustiva"		"muito baixa"			"arenosa"	"aberta"
"9285"
"9286"	"florestal"		"alta"			"arenosa"	"densa"
"9287"	"arbustiva"		"muito baixa"				"aberta"
"9288"	"florestal"	"inundado"	"baixa"				"aberta"
"9289"	"arbustiva"		"muito baixa"				"aberta"
"9290"	"arbustiva"		"muito baixa"			"arenosa"	"aberta"
"9291"	"florestal"		"baixa"			"arenosa"	"aberta"
"9292"	"florestal"		"baixa"
"9293"	"arbustiva"		"muito baixa"				"aberta"
"9294"	"florestal"		"baixa"			"arenosa"	"densa"
"9295"	"arbustiva"		"muito baixa"			"rochosa"	"aberta"
"9296"
"9297"	"florestal"		"muito baixa"			"arenosa"	"densa"
"9298"	"florestal"		"baixa"
"9299"	"florestal"		"baixa"			"arenosa"
"9300"	"florestal"		"baixa"
"9301"	"florestal"		"alta"			"arenosa"
"9302"	"florestal"		"baixa"				"aberta"
"9303"
"9304"	"florestal"	"encharcado"
"9305"
"9306"
"9307"
"9308"						"arenosa"
"9309"	"florestal"		"baixa"				"aberta"
"9310"	"florestal"		"baixa"				"densa"
"9311"						"arenosa"
"9312"
"9313"
"9314"	"florestal"	"ausente"	"baixa"	"4; 6"	"m"	"arenosa"	"densa"
"9315"	"florestal"	"ausente"	"baixa"	"4; 6"	"m"	"arenosa"	"densa"
"9316"	"florestal"	"ausente"	"baixa"	"4; 6"	"m"	"arenosa"	"densa"
"9317"	"florestal"		"baixa"			"arenosa"	"aberta"
"9318"	"florestal"	"ausente"	"baixa"	"4; 6"	"m"	"arenosa"	"densa"
"9319"	"florestal"	"ausente"	"baixa"	"4; 6"	"m"	"arenosa"	"densa"
"9320"	"arbustiva"		"muito baixa"				"densa"
"9321"	"florestal"		"baixa"
"9322"	"arbustiva"		"muito baixa"			"arenosa"	"aberta"
"9323"
"9324"
"9325"
"9326"
"9327"
"9328"
"9329"
"9330"
"9331"
"9332"
"9333"
"9334"
"9335"
"9336"
"9337"
"9338"	"florestal"	"inundado"	"baixa"			"arenosa"	"aberta"
"9339"	"florestal"		"baixa"			"arenosa"	"aberta"
"9340"	"florestal"	"inundado"	"baixa"	"6; 8"	"m"	"arenosa"	"aberta"
"9341"	"arbustiva"	"inundado"	"muito baixa"	"2; 3"	"m"	"arenosa"	"aberta"
"9342"	"florestal"	"inundado"	"baixa"	"6; 8"	"m"	"arenosa"	"aberta"
"9343"	"florestal"	"inundado"	"baixa"	"6; 8"	"m"	"arenosa"	"aberta"
"9344"	"arbustiva"	"inundado"	"muito baixa"	"2; 3"	"m"	"arenosa"	"aberta"
"9345"	"arbustiva"	"inundado"	"muito baixa"	"2; 3"	"m"	"arenosa"	"aberta"
"9346"	"florestal"		"baixa"				"aberta"
"9347"	"florestal"		"baixa"
"9348"	"florestal"		"baixa"				"aberta"
"9349"	"florestal"		"baixa"				"aberta"
"9350"	"arbustiva"	"inundado"	"baixa"			"arenosa"	"aberta"
"9351"	"arbustiva"	"inundado"	"baixa"			"arenosa"	"aberta"
"9352"	"arbustiva"	"inundado"	"baixa"			"arenosa"	"aberta"
"9353"	"arbustiva"	"inundado"	"baixa"			"arenosa"	"aberta"
"9354"	"arbustiva"	"inundado"	"baixa"			"arenosa"	"aberta"
"9355"	"arbustiva"	"inundado"	"baixa"			"arenosa"	"aberta"
"9356"	"arbustiva"	"inundado"	"baixa"			"arenosa"	"aberta"
"9357"	"florestal"						"aberta"
"9358"	"florestal"		"baixa"			"arenosa"	"aberta"
"9359"	"florestal"		"alta"
"9360"	"florestal"		"baixa"				"aberta"
"9361"	"florestal"		"baixa"			"arenosa"	"aberta"
"9362"	"florestal"	"inundado"	"baixa"	"5; 6"	"m"	"arenosa"	"aberta"
"9363"	"florestal"	"inundado"	"baixa"	"5; 6"	"m"	"arenosa"	"aberta"
"9364"	"florestal"	"inundado"	"baixa"	"5; 6"	"m"	"arenosa"	"aberta"
"9365"	"florestal"	"inundado"	"baixa"	"5; 6"	"m"	"arenosa"	"aberta"
"9366"	"florestal"	"inundado"	"baixa"	"5; 6"	"m"	"arenosa"	"aberta"
"9367"	"florestal"	"inundado"	"baixa"	"5; 6"	"m"	"arenosa"	"aberta"
"9368"	"florestal"	"inundado"	"baixa"	"5; 6"	"m"	"arenosa"	"aberta"
"9369"	"florestal"	"inundado"	"baixa"	"5; 6"	"m"	"arenosa"	"aberta"
"9370"	"arbustiva"		"muito baixa"				"aberta"
"9371"	"florestal"		"baixa"			"arenosa"	"aberta"
"9372"
"9373"	"florestal"		"alta"
"9374"	"florestal"		"baixa"				"aberta"
"9375"	"florestal"		"baixa"				"aberta"
"9376"	"florestal"		"baixa"				"aberta"
"9377"
"9378"	"florestal"		"baixa"				"aberta"
"9379"	"florestal"		"baixa"			"arenosa"	"aberta"
"9380"
"9381"	"florestal"		"baixa"				"aberta"
"9382"	"florestal"	"inundado"	"baixa"	"8"	"m"	"arenosa"	"aberta"
"9383"	"florestal"	"inundado"	"baixa"	"8"	"m"	"arenosa"	"aberta"
"9384"	"florestal"	"inundado"	"baixa"	"8"	"m"	"arenosa"	"aberta"
"9385"	"florestal"	"inundado"	"baixa"	"8"	"m"	"arenosa"	"aberta"
"9386"	"florestal"	"inundado"	"baixa"	"8"	"m"	"arenosa"	"aberta"
"9387"	"florestal"	"inundado"	"baixa"	"8"	"m"	"arenosa"	"aberta"
"9388"	"florestal"	"inundado"	"baixa"	"8"	"m"	"arenosa"	"aberta"
"9389"	"florestal"	"inundado"	"baixa"	"8"	"m"	"arenosa"	"aberta"
"9390"	"arbustiva"		"muito baixa"			"arenosa"	"aberta"
"9391"
"9392"	"arbustiva"	"ausente"	"muito baixa"			"arenosa"	"aberta"
"9393"	"florestal"		"baixa"			"arenosa"
"9394"	"arbustiva"	"ausente"	"muito baixa"			"arenosa"	"aberta"
"9395"	"arbustiva"	"ausente"	"muito baixa"			"arenosa"	"aberta"
"9396"	"arbustiva"	"ausente"	"muito baixa"	"2"	"m"	"arenosa"	"aberta"
"9397"	"arbustiva"	"ausente"	"muito baixa"	"2"	"m"	"arenosa"	"aberta"
"9398"	"arbustiva"	"ausente"	"muito baixa"	"2"	"m"	"arenosa"	"aberta"
"9399"	"arbustiva"	"ausente"	"muito baixa"	"2"	"m"	"arenosa"	"aberta"
"9400"	"arbustiva"	"ausente"	"muito baixa"	"2"	"m"	"arenosa"	"aberta"
"9401"	"arbustiva"	"ausente"	"muito baixa"	"2"	"m"	"arenosa"	"aberta"
"9402"	"florestal"		"baixa"				"aberta"
"9403"	"florestal"		"baixa"				"aberta"
"9404"	"florestal"		"alta"
"9405"
"9406"	"florestal"		"baixa"				"aberta"
"9407"	"florestal"		"baixa"
"9408"
"9409"	"arbustiva"	"ausente"	"muito baixa"	"2; 3"	"m"	"arenosa"	"aberta"
"9410"	"arbustiva"	"ausente"	"muito baixa"	"1; 2"	"m"	"arenosa"	"aberta"
"9411"	"arbustiva"	"ausente"	"muito baixa"	"2; 3"	"m"	"arenosa"	"aberta"
"9412"	"arbustiva"	"ausente"	"muito baixa"	"1; 2"	"m"	"arenosa"	"aberta"
"9413"	"arbustiva"	"ausente"	"muito baixa"	"1; 2"	"m"	"arenosa"	"aberta"
"9414"	"arbustiva"	"ausente"	"muito baixa"	"1; 2"	"m"	"arenosa"	"aberta"
"9415"	"arbustiva"	"ausente"	"muito baixa"	"2; 3"	"m"	"arenosa"	"aberta"
"9416"	"arbustiva"	"ausente"	"muito baixa"	"2; 3"	"m"	"arenosa"	"aberta"
"9417"	"arbustiva"	"ausente"	"muito baixa"	"2; 3"	"m"	"arenosa"	"aberta"
"9418"
"9419"	"florestal"
"9420"	"florestal"		"baixa"
"9421"	"florestal"		"baixa"				"aberta"
"9422"
"9423"
"9424"	"arbustiva"		"muito baixa"				"densa"
"9425"	"arbustiva"		"muito baixa"			"arenosa"	"densa"
"9426"	"arbustiva"		"muito baixa"				"aberta"
"9427"	"florestal"		"baixa"				"aberta"
"9428"	"arbustiva"		"muito baixa"				"aberta"
"9429"	"arbustiva"		"muito baixa"				"aberta"
"9430"	"florestal"
"9431"	"arbustiva"		"baixa"				"aberta"
"9432"
"9433"	"arbustiva"		"baixa"			"arenosa"	"aberta"
"9434"	"florestal"		"baixa"			"arenosa"	"densa"
"9435"	"florestal"		"baixa"			"arenosa"	"densa"
"9436"
"9437"
"9438"	"arbustiva"		"muito baixa"			"rochosa"	"densa"
"9439"	"florestal"		"baixa"				"aberta"
"9440"
"9441"
"9442"
"9443"	"florestal"	"ausente"	"baixa"			"rochosa"	"densa"
"9444"
"9445"	"florestal"		"baixa"				"aberta"
"9446"	"arbustiva"		"muito baixa"				"densa"
"9447"
"9448"	"florestal"		"alta"
"9449"	"florestal"	"ausente"	"baixa"				"aberta"
"9450"	"florestal"		"baixa"			"arenosa"	"aberta"
"9451"	"florestal"	"ausente"	"baixa"				"aberta"
"9452"
"9453"
"9454"	"florestal"	"inundado"	"baixa"	"7; 8"	"m"		"densa"
"9455"	"florestal"	"inundado"	"baixa"	"7; 8"	"m"
"9456"	"florestal"	"inundado"	"baixa"	"7; 8"	"m"
"9457"	"florestal"	"inundado"	"baixa"	"7; 8"	"m"
"9458"	"florestal"	"inundado"	"baixa"	"7; 8"	"m"
"9459"	"florestal"	"inundado"	"baixa"	"7; 8"	"m"
"9460"
"9461"
"9462"
"9463"
"9464"
"9465"
"9466"
"9467"	"florestal"	"ausente"	"alta"	"15; 20"	"m"	"arenosa"
"9468"	"florestal"	"ausente"	"alta"	"15; 20"	"m"	"arenosa"
"9469"	"florestal"	"ausente"	"alta"	"20; 25"	"m"	"arenosa"	"densa"
"9470"	"florestal"	"ausente"	"alta"	"20; 25"	"m"	"arenosa"	"densa"
"9471"	"florestal"	"ausente"	"alta"	"20; 25"	"m"	"arenosa"	"densa"
"9472"
"9473"	"florestal"	"inundado"	"alta"
"9474"	"florestal"	"ausente"	"alta"			"arenosa"
"9475"	"florestal"	"ausente"	"alta"			"arenosa"	"densa"
"9476"	"florestal"	"ausente"	"alta"
"9477"	"florestal"	"ausente"	"alta"			"argilosa"
"9478"	"florestal"		"alta"			"arenosa"
"9479"	"florestal"		"alta"			"arenosa"
"9480"	"florestal"	"ausente"	"alta"			"arenosa"
"9481"	"florestal"		"alta"			"arenosa"
"9482"	"florestal"		"alta"			"arenosa"
"9483"	"florestal"		"alta"			"arenosa"
"9484"	"florestal"		"alta"			"arenosa"
"9485"	"florestal"		"alta"			"argilosa"
"9486"	"florestal"	"ausente"	"alta"
"9487"	"florestal"		"alta"			"arenosa"	"densa"
"9488"
"9489"	"florestal"
"9490"	"florestal"		"baixa"
"9491"	"florestal"					"arenosa"
"9492"	"florestal"		"alta"			"arenosa"
"9493"	"florestal"	"ausente"	"baixa"	"8; 10"	"m"	"arenosa"
"9494"	"florestal"	"ausente"	"baixa"			"rochosa"
"9495"
"9496"	"florestal"	"encharcado"	"baixa"
"9497"
"9498"
"9499"
"9500"	"florestal"						"aberta"
"9501"	"arbustiva"		"muito baixa"
"9502"	"florestal"
"9503"	"arbustiva"	"ausente"
"9504"
"9505"	"arbustiva"	"ausente"	"muito baixa"	"2; 5"	"m"	"rochosa"	"densa"
"9506"	"arbustiva"		"muito baixa"			"rochosa"	"aberta"
"9507"
"9508"
"9509"	"arbustiva"		"baixa"			"rochosa"	"aberta"
"9510"
"9511"
"9512"
"9513"
"9514"
"9515"	"florestal"		"baixa"				"aberta"
"9516"	"arbustiva"		"muito baixa"			"rochosa"	"aberta"
"9517"	"arbustiva"		"muito baixa"				"densa"
"9518"	"arbustiva"		"muito baixa"			"rochosa"	"densa"
"9519"
"9520"	"florestal"		"baixa"				"aberta"
"9521"	"florestal"	"ausente"	"baixa"				"densa"
"9522"
"9523"
"9524"
"9525"
"9526"	"florestal"	"inundado"	"baixa"
"9527"	"florestal"	"encharcado"	"baixa"
"9528"	"florestal"	"inundado"	"baixa"			"arenosa"	"aberta"
"9529"
"9530"	"florestal"	"encharcado"
"9531"	"florestal"	"encharcado"	"baixa"				"aberta"
"9532"	"florestal"	"inundado"
"9533"	"florestal"	"encharcado"	"alta"			"arenosa"
"9534"	"florestal"	"ausente"	"baixa"
"9535"	"florestal"		"alta"			"arenosa"
"9536"
"9537"
"9538"	"florestal"		"baixa"				"aberta"
"9539"	"arbustiva"	"encharcado"	"muito baixa"				"aberta"
"9540"	"arbustiva"	"encharcado"	"baixa"				"densa"
"9541"	"arbustiva"		"muito baixa"				"aberta"
"9542"	"arbustiva"	"inundado"	"muito baixa"				"aberta"
"9543"	"florestal"	"inundado"	"baixa"				"aberta"
"9544"	"arbustiva"		"muito baixa"				"aberta"
"9545"	"florestal"	"inundado"
"9546"
"9547"
"9548"
"9549"
"9550"	"florestal"	"inundado"
"9551"		"inundado"
"9552"
"9553"
"9554"
"9555"	"florestal"	"inundado"
"9556"	"florestal"	"inundado"
"9557"	"florestal"	"inundado"
"9558"	"arbustiva"	"encharcado"	"muito baixa"				"densa"
"9559"	"florestal"	"encharcado"
"9560"	"florestal"	"encharcado"				"rochosa"
"9561"
"9562"	"florestal"		"baixa"			"rochosa"	"aberta"
"9563"	"florestal"	"encharcado"
"9564"	"florestal"	"encharcado"				"arenosa"
"9565"
"9566"
"9567"	"arbustiva"		"muito baixa"				"aberta"
"9568"	"florestal"		"alta"
"9569"	"florestal"	"inundado"	"alta"			"arenosa"
"9570"	"florestal"		"alta"			"arenosa"
"9571"	"florestal"	"inundado"	"alta"			"arenosa"
"9572"	"florestal"	"ausente"	"alta"	"20; 25"	"m"	"arenosa"
"9573"	"florestal"	"ausente"	"alta"	"20; 25"	"m"	"arenosa"
"9574"	"florestal"	"inundado"	"baixa"				"aberta"
"9575"	"florestal"	"inundado"
"9576"
"9577"
"9578"
"9579"	"florestal"	"inundado"	"baixa"
"9580"	"arbustiva"	"inundado"	"muito baixa"				"aberta"
"9581"	"florestal"	"inundado"	"baixa"
"9582"
"9583"	"arbustiva"	"inundado"	"muito baixa"			"arenosa"	"aberta"
"9584"	"florestal"	"encharcado"
"9585"
"9586"
"9587"	"florestal"		"alta"
"9588"	"florestal"		"alta"
"9589"	"florestal"		"baixa"				"aberta"
"9590"	"arbustiva"		"muito baixa"	"5"	"m"		"aberta"
"9591"	"arbustiva"		"baixa"				"densa"
"9592"
"9593"
"9594"	"arbustiva"		"muito baixa"			"rochosa"	"densa"
"9595"	"florestal"	"inundado"	"baixa"
"9596"	"florestal"	"inundado"	"baixa"
"9597"	"florestal"	"inundado"	"baixa"
"9598"	"florestal"		"alta"			"argilosa"
"9599"	"florestal"	"ausente"	"baixa"				"densa"
"9600"	"florestal"	"ausente"	"baixa"	"12; 14"	"m"		"densa"
"9601"	"florestal"	"inundado"	"baixa"				"aberta"
"9602"	"florestal"	"ausente"	"baixa"	"3; 10"	"m"		"densa"
"9603"						"arenosa"
"9604"	"florestal"	"inundado"	"baixa"			"arenosa"	"densa"
"9605"	"arbustiva"		"muito baixa"			"arenosa"	"aberta"
"9606"	"florestal"
"9607"		"encharcado"
"9608"	"florestal"		"alta"
"9609"	"florestal"	"inundado"				"arenosa"
"9610"	"florestal"	"inundado"
"9611"	"arbustiva"		"muito baixa"				"densa"
"9612"
"9613"
"9614"	"florestal"	"ausente"	"alta"
"9615"	"florestal"	"inundado"
"9616"	"florestal"	"inundado"
"9617"	"florestal"		"baixa"
"9618"	"florestal"	"ausente"	"alta"
"9619"	"florestal"	"inundado"
"9620"	"florestal"		"alta"
"9621"
"9622"	"arbustiva"	"encharcado"	"muito baixa"				"aberta"
"9623"	"florestal"		"alta"
"9624"
"9625"	"florestal"	"ausente"	"alta"
"9626"	"florestal"	"inundado"
"9627"	"florestal"		"alta"
"9628"	"florestal"	"encharcado"	"alta"
"9629"	"florestal"		"baixa"			"arenosa"
"9630"	"florestal"	"inundado"				"arenosa"
"9631"
"9632"
"9633"
"9634"	"arbustiva"		"muito baixa"			"rochosa"	"densa"
"9635"
"9636"
"9637"	"arbustiva"		"muito baixa"			"rochosa"	"aberta"
"9638"	"arbustiva"		"muito baixa"			"rochosa"	"aberta"
"9639"
"9640"
"9641"
"9642"	"arbustiva"		"muito baixa"			"rochosa"	"aberta"
"9643"	"arbustiva"	"inundado"	"muito baixa"				"densa"
"9644"	"arbustiva"		"baixa"			"rochosa"	"aberta"
"9645"	"florestal"
"9646"	"florestal"		"alta"
"9647"	"florestal"	"ausente"	"baixa"			"rochosa"	"densa"
"9648"	"arbustiva"		"muito baixa"			"rochosa"	"aberta"
"9649"
"9650"	"florestal"		"baixa"	"8"	"m"	"rochosa"	"aberta"
"9651"	"florestal"	"ausente"	"alta"	"20; 35"	"m"	"arenosa"	"densa"
"9652"	"florestal"	"inundado"	"alta"	"20; 25"	"m"	"arenosa"	"densa"
"9653"	"florestal"	"inundado"	"alta"	"15; 20"	"m"	"arenosa"	"densa"
"9654"
"9655"	"florestal"		"alta"
"9656"	"florestal"	"ausente"	"alta"			"arenosa"
"9657"	"florestal"					"arenosa"
"9658"	"florestal"	"ausente"	"alta"			"arenosa"
"9659"	"florestal"		"alta"
"9660"	"florestal"		"alta"			"arenosa"
"9661"	"florestal"		"alta"			"arenosa"
"9662"	"florestal"		"alta"			"arenosa"
"9663"	"florestal"		"alta"
"9664"
"9665"	"florestal"		"alta"
"9666"	"florestal"	"inundado"	"alta"			"arenosa"
"9667"	"florestal"	"ausente"	"alta"	"20; 25"	"m"	"arenosa"
"9668"	"florestal"	"ausente"	"alta"	"20; 25"	"m"	"arenosa"
"9669"	"florestal"		"alta"			"arenosa"
"9670"						"arenosa"
"9671"	"florestal"	"inundado"	"alta"
"9672"	"florestal"	"inundado"	"alta"
"9673"	"florestal"		"baixa"			"arenosa"	"aberta"
"9674"
"9675"	"florestal"		"alta"
"9676"	"florestal"	"encharcado"	"alta"
"9677"
"9678"
"9679"
"9680"	"florestal"	"ausente"
"9681"
"9682"	"arbustiva"		"muito baixa"				"aberta"
"9683"	"florestal"	"inundado"	"baixa"
"9684"	"florestal"	"inundado"	"baixa"			"arenosa"	"densa"
"9685"	"arbustiva"	"ausente"
"9686"
"9687"	"arbustiva"		"muito baixa"			"arenosa"	"densa"
"9688"
"9689"	"arbustiva"	"encharcado"	"muito baixa"				"densa"
"9690"		"encharcado"
"9691"	"arbustiva"		"muito baixa"				"aberta"
"9692"	"florestal"	"ausente"
"9693"	"florestal"	"inundado"	"alta"
"9694"
"9695"	"florestal"		"alta"
"9696"	"florestal"		"baixa"			"arenosa"	"densa"
"9697"	"arbustiva"		"muito baixa"			"arenosa"	"aberta"
"9698"	"florestal"					"arenosa"
"9699"	"florestal"	"inundado"	"alta"
"9700"
"9701"
"9702"	"florestal"		"baixa"				"aberta"
"9703"	"florestal"	"encharcado"	"alta"			"arenosa"
"9704"	"arbustiva"	"encharcado"	"muito baixa"			"rochosa"	"aberta"
"9705"
"9706"
"9707"	"arbustiva"	"encharcado"	"muito baixa"			"rochosa"	"aberta"
"9708"	"florestal"		"alta"
"9709"
"9710"
"9711"	"florestal"		"alta"
"9712"
"9713"
"9714"	"florestal"	"inundado"	"baixa"			"arenosa"	"densa"
"9715"	"arbustiva"	"inundado"	"muito baixa"				"aberta"
"9716"						"arenosa"
"9717"
"9718"	"florestal"		"baixa"				"aberta"
"9719"	"florestal"		"alta"
"9720"	"florestal"		"alta"			"arenosa"
"9721"	"florestal"		"alta"			"arenosa"	"densa"
"9722"	"florestal"		"alta"	"15"	"m"
"9723"	"florestal"		"alta"
"9724"	"florestal"	"ausente"	"alta"			"arenosa"
"9725"	"florestal"	"ausente"	"alta"			"rochosa"
"9726"	"florestal"		"baixa"				"aberta"
"9727"	"florestal"	"ausente"	"alta"			"rochosa"
"9728"
"9729"
"9730"	"florestal"		"alta"
"9731"	"florestal"	"ausente"	"baixa"			"arenosa"	"aberta"
"9732"	"florestal"	"ausente"	"baixa"			"arenosa"	"aberta"
"9733"	"florestal"	"ausente"	"baixa"			"arenosa"	"aberta"
"9734"	"arbustiva"		"muito baixa"			"arenosa"	"densa"
"9735"	"florestal"		"baixa"				"aberta"
"9736"	"arbustiva"		"muito baixa"				"aberta"
"9737"
"9738"	"florestal"	"encharcado"
"9739"
"9740"	"florestal"	"inundado"	"baixa"			"arenosa"	"densa"
"9741"	"florestal"		"alta"			"arenosa"	"densa"
"9742"						"arenosa"
"9743"	"florestal"	"inundado"	"baixa"			"arenosa"
"9744"	"arbustiva"		"muito baixa"			"arenosa"	"aberta"
"9745"
"9746"
"9747"
"9748"
"9749"
"9750"
"9751"
"9752"
"9753"
"9754"	"florestal"		"baixa"				"aberta"
"9755"	"florestal"	"ausente"	"alta"	"20; 25"	"m"	"arenosa"
"9756"	"florestal"		"alta"			"argilosa"
"9757"
"9758"
"9759"
"9760"	"florestal"		"baixa"			"rochosa"	"aberta"
"9761"
"9762"
"9763"
"9764"
"9765"	"florestal"
"9766"
"9767"
"9768"
"9769"
"9770"
"9771"	"florestal"	"inundado"
"9772"	"florestal"
"9773"	"florestal"	"ausente"	"baixa"			"rochosa"	"densa"
"9774"
"9775"
"9776"	"arbustiva"		"muito baixa"			"rochosa"	"densa"
"9777"	"florestal"	"ausente"	"baixa"				"densa"
"9778"
"9779"
"9780"	"florestal"		"baixa"				"densa"
"9781"	"florestal"	"encharcado"	"baixa"				"densa"
"9782"
"9783"	"arbustiva"		"baixa"			"rochosa"	"aberta"
"9784"
"9785"	"florestal"
"9786"	"arbustiva"		"muito baixa"			"rochosa"	"aberta"
"9787"	"florestal"		"baixa"			"rochosa"	"densa"
"9788"
"9789"						"arenosa"
"9790"	"florestal"		"alta"			"arenosa"	"densa"
"9791"
"9792"	"arbustiva"		"muito baixa"			"rochosa"	"aberta"
"9793"	"arbustiva"		"muito baixa"			"arenosa"	"densa"
"9794"	"florestal"		"alta"
"9795"
"9796"	"arbustiva"		"muito baixa"				"aberta"
"9797"
"9798"
"9799"
"9800"	"arbustiva"		"muito baixa"				"aberta"
"9801"	"florestal"
"9802"
"9803"	"arbustiva"		"muito baixa"			"arenosa"	"aberta"
"9804"	"arbustiva"		"muito baixa"			"arenosa"	"aberta"
"9805"	"arbustiva"		"muito baixa"				"aberta"
"9806"	"arbustiva"		"muito baixa"				"aberta"
"9807"
"9808"	"arbustiva"		"muito baixa"				"aberta"
"9809"
"9810"
"9811"	"arbustiva"		"muito baixa"				"aberta"
"9812"	"florestal"		"baixa"				"aberta"
"9813"	"florestal"		"alta"			"arenosa"
"9814"
"9815"	"arbustiva"		"muito baixa"				"aberta"
"9816"
"9817"	"arbustiva"		"muito baixa"				"densa"
"9818"	"arbustiva"		"muito baixa"			"arenosa"	"aberta"
"9819"	"arbustiva"		"baixa"				"aberta"
"9820"
"9821"	"arbustiva"		"muito baixa"				"densa"
"9822"
"9823"
"9824"
"9825"	"arbustiva"		"muito baixa"			"rochosa"	"aberta"
"9826"	"arbustiva"		"muito baixa"				"aberta"
"9827"
"9828"	"florestal"	"inundado"
"9829"	"arbustiva"		"muito baixa"			"rochosa"	"aberta"
"9830"
"9831"
"9832"	"arbustiva"		"muito baixa"			"rochosa"	"aberta"
"9833"
"9834"	"arbustiva"		"muito baixa"			"arenosa"	"densa"
"9835"	"arbustiva"		"muito baixa"			"arenosa"	"densa"
"9836"	"arbustiva"		"muito baixa"	"1.5"	"m"	"arenosa"	"densa"
"9837"	"florestal"		"alta"
"9838"	"florestal"		"alta"			"rochosa"
"9839"
"9840"	"arbustiva"		"muito baixa"	"2"	"m"		"densa"
"9841"	"florestal"		"baixa"			"arenosa"	"aberta"
"9842"	"arbustiva"		"muito baixa"			"rochosa"	"densa"
"9843"	"arbustiva"		"muito baixa"				"aberta"
"9844"	"florestal"		"baixa"				"aberta"
"9845"
"9846"	"florestal"	"encharcado"				"rochosa"
"9847"	"arbustiva"		"muito baixa"				"densa"
"9848"	"arbustiva"	"encharcado"	"muito baixa"				"densa"
"9849"	"arbustiva"		"muito baixa"			"rochosa"	"densa"
"9850"
"9851"	"arbustiva"	"ausente"	"muito baixa"	"3; 4"	"m"	"rochosa"	"densa"
"9852"	"arbustiva"	"ausente"	"muito baixa"	"3; 4"	"m"	"rochosa"	"densa"
"9853"	"florestal"	"ausente"	"baixa"	"4; 5"	"m"	"arenosa"
"9854"	"arbustiva"	"ausente"	"muito baixa"	"3; 4"	"m"	"rochosa"	"densa"
"9855"	"arbustiva"	"ausente"	"muito baixa"	"3; 4"	"m"	"rochosa"	"densa"
"9856"	"arbustiva"		"muito baixa"			"rochosa"	"aberta"
"9857"	"florestal"		"alta"			"rochosa"	"aberta"
"9858"						"arenosa"
"9859"	"arbustiva"		"muito baixa"			"rochosa"	"aberta"
"9860"	"arbustiva"		"muito baixa"			"rochosa"	"aberta"
"9861"	"arbustiva"		"muito baixa"			"rochosa"	"aberta"
"9862"	"arbustiva"	"encharcado"	"muito baixa"			"rochosa"	"aberta"
"9863"						"arenosa"
"9864"	"florestal"		"baixa"			"arenosa"	"aberta"
"9865"
"9866"						"arenosa"
"9867"	"arbustiva"		"muito baixa"			"arenosa"
"9868"
"9869"
"9870"
"9871"
"9872"	"arbustiva"	"inundado"	"muito baixa"				"aberta"
"9873"		"inundado"
"9874"	"florestal"	"inundado"
"9875"	"florestal"	"encharcado"	"baixa"	"5"	"m"
"9876"
"9877"	"florestal"		"alta"
"9878"	"arbustiva"		"muito baixa"			"rochosa"	"aberta"
"9879"
"9880"	"arbustiva"		"muito baixa"			"rochosa"	"densa"
"9881"	"florestal"		"baixa"			"rochosa"	"densa"
"9882"	"florestal"	"encharcado"	"baixa"				"aberta"
"9883"
"9884"	"florestal"	"inundado"				"arenosa"
"9885"	"florestal"	"ausente"	"baixa"	"10; 15"	"m"	"rochosa"
"9886"
"9887"	"florestal"		"baixa"			"arenosa"
"9888"
"9889"	"arbustiva"		"muito baixa"				"aberta"
"9890"	"florestal"
"9891"	"florestal"		"alta"	"20"	"m"
"9892"	"florestal"		"baixa"			"rochosa"	"densa"
"9893"	"arbustiva"	"inundado"	"muito baixa"			"arenosa"	"aberta"
"9894"
"9895"
"9896"
"9897"	"arbustiva"		"muito baixa"			"rochosa"	"densa"
"9898"	"arbustiva"		"muito baixa"			"rochosa"	"densa"
"9899"	"arbustiva"		"muito baixa"			"rochosa"	"densa"
"9900"
"9901"
"9902"
"9903"
"9904"
"9905"	"arbustiva"		"muito baixa"			"rochosa"	"densa"
"9906"	"florestal"	"encharcado"	"baixa"				"aberta"
"9907"	"florestal"	"ausente"	"alta"	"12; 15"	"m"		"densa"
"9908"
"9909"	"arbustiva"		"muito baixa"			"rochosa"	"aberta"
"9910"	"arbustiva"		"muito baixa"			"rochosa"	"aberta"
"9911"
"9912"
"9913"
"9914"	"florestal"	"ausente"	"alta"
"9915"
"9916"	"arbustiva"		"muito baixa"
"9917"	"arbustiva"		"muito baixa"
"9918"	"florestal"		"baixa"				"densa"
"9919"	"florestal"		"muito baixa"				"densa"
"9920"	"florestal"	"ausente"	"baixa"			"rochosa"	"densa"
"9921"
"9922"
"9923"	"florestal"		"baixa"			"rochosa"
"9924"	"arbustiva"		"muito baixa"				"aberta"
"9925"
"9926"
"9927"
"9928"
"9929"
"9930"	"arbustiva"		"muito baixa"			"arenosa"	"aberta"
"9931"
"9932"	"arbustiva"	"ausente"	"baixa"			"arenosa"	"aberta"
"9933"
"9934"	"arbustiva"		"muito baixa"				"densa"
"9935"	"arbustiva"	"inundado"	"muito baixa"			"arenosa"	"aberta"
"9936"	"florestal"		"baixa"			"arenosa"	"densa"
"9937"
"9938"	"arbustiva"		"muito baixa"				"densa"
"9939"	"arbustiva"		"muito baixa"			"rochosa"	"aberta"
"9940"	"arbustiva"		"muito baixa"			"arenosa"	"aberta"
"9941"
"9942"	"arbustiva"		"muito baixa"			"rochosa"	"aberta"
"9943"	"florestal"		"baixa"				"aberta"
"9944"
"9945"	"florestal"		"baixa"				"aberta"
"9946"	"florestal"		"baixa"			"arenosa"	"aberta"
"9947"	"florestal"	"ausente"	"baixa"	"5"	"m"	"rochosa"
"9948"
"9949"	"florestal"		"alta"
"9950"	"florestal"	"encharcado"
"9951"	"arbustiva"		"muito baixa"			"rochosa"	"densa"
"9952"	"arbustiva"		"muito baixa"			"rochosa"	"aberta"
"9953"	"florestal"		"baixa"
"9954"
"9955"
"9956"
"9957"
"9958"
"9959"
"9960"
"9961"
"9962"
